id,block_code,sequence,layout,interior_m2,outdoor_m2,floor_level,price_amount,price_currency,price_confidence,sale_status,data_quality,is_modelled,source_url
AZW-B01-0001,B01,1,3+1,183.0,,4,574000.0,EUR,single_source,available,portal_listing,false,https://hasporealty.com/en/properties/prodaetsya-apartamenty-3-1-xl-v-komplekse-azura-world-tyurkler-alanya/
AZW-B01-0002,B01,2,1+1,80.0,,4,112000.0,EUR,single_source,available,portal_listing,false,https://hasporealty.com/en/properties/prodaetsya-kvartira-1-1-v-komplekse-azura-world-oba-alanya/
AZW-B01-0003,B01,3,3+1,183.0,,4,574000.0,EUR,single_source,available,portal_listing,false,https://hasporealty.com/en/properties/prodaetsya-apartamenty-3-1-xl-v-komplekse-azura-world-tyurkler-alanya-2/
AZW-B01-0004,B01,4,3+1,140.0,,3,415000.0,EUR,single_source,available,portal_listing,false,https://hasporealty.com/en/properties/kvartira-3-1-azura-world-tyurkler-alanya-2/
AZW-B01-0005,B01,5,3+1,140.0,,5,445000.0,EUR,single_source,available,portal_listing,false,https://hasporealty.com/en/properties/kvartira-3-1-azura-world-tyurkler-alanya/
AZW-B01-0006,B01,6,2+1,129.0,,1,242000.0,EUR,single_source,available,portal_listing,false,https://hasporealty.com/en/properties/kvartira-2-1-azura-world-tyurkler-alanya-3/
AZW-B01-0007,B01,7,2+1,3.0,,1,242000.0,EUR,single_source,available,portal_listing,false,https://hasporealty.com/en/properties/kvartira-2-1-azura-world-tyurkler-alanya-2/
AZW-B01-0008,B01,8,1+1,85.0,,5,169000.0,EUR,single_source,available,portal_listing,false,https://hasporealty.com/en/properties/kvartira-1-1-v-azura-world-residence-turkler-alaniya/
AZW-B01-0009,B01,9,1+1,85.0,,4,168000.0,EUR,single_source,available,portal_listing,false,https://hasporealty.com/en/properties/kvartira-1-1-azura-world-tyurkler-alanya/
AZW-B01-0010,B01,10,1+1,85.0,,3,161000.0,EUR,single_source,available,portal_listing,false,https://hasporealty.com/en/properties/prostornaya-kvartira-1-1-v-azura-world-residencetyurkler-alaniya/
AZW-B01-0011,B01,11,1+1,85.0,,1,161000.0,EUR,single_source,available,portal_listing,false,https://hasporealty.com/en/properties/kvartira-1-1-azura-world-turkler-alanya/
AZW-B01-0012,B01,12,1+1,85.0,,1,137000.0,EUR,single_source,available,portal_listing,false,https://hasporealty.com/en/properties/kvartira-1-1-azura-world-tyurkler-alanya-2/
AZW-B01-0013,B01,13,2+1,129.0,,2,259000.0,EUR,single_source,available,portal_listing,false,https://hasporealty.com/en/properties/kvartira-2-1-azura-world-tyurkler-alanya/
AZW-B01-0014,B01,14,1+1,85.0,,1,178000.0,EUR,single_source,available,portal_listing,false,https://hasporealty.com/en/properties/kvartira-1-1-azura-world-turkler-alanya-2/
AZW-B01-0015,B01,15,2+1,249.0,,,390000.0,EUR,single_source,available,portal_listing,false,https://hasporealty.com/en/properties/kvartira-2-1-xl-azura-world-residence-hotel/
AZW-B01-0016,B01,16,2+1,105.0,,,245000.0,EUR,single_source,available,portal_listing,false,https://hasporealty.com/en/properties/kvartira-2-1-azura-world-residence-hotel/
AZW-B01-0017,B01,17,1+1,89.0,,2,190000.0,EUR,single_source,available,portal_listing,false,https://hasporealty.com/en/properties/kvartira-1-1-azura-world-residence-hotel/
AZW-B01-0018,B01,18,1+1,92.0,,5,185000.0,EUR,single_source,available,portal_listing,false,https://www.seaside-alanya.com/de/antalya-alanya/residence/azura-world-residence
AZW-B01-0019,B01,19,1+1,85.0,,3,210000.0,EUR,single_source,available,portal_listing,false,https://www.seaside-alanya.com/de/antalya-alanya/residence/azura-world-residence
AZW-B01-0020,B01,20,2+1,129.0,,4,264000.0,EUR,single_source,available,portal_listing,false,https://www.seaside-alanya.com/de/antalya-alanya/residence/azura-world-residence
AZW-B01-0021,B01,21,2+1,157.0,,2,363000.0,EUR,single_source,available,portal_listing,false,https://www.seaside-alanya.com/de/antalya-alanya/residence/azura-world-residence
AZW-B01-0022,B01,22,3+1,183.0,,0,401000.0,EUR,single_source,available,portal_listing,false,https://www.seaside-alanya.com/de/antalya-alanya/residence/azura-world-residence
AZW-B01-0023,B01,23,2+1,118.0,,0,450000.0,EUR,single_source,available,portal_listing,false,https://www.seaside-alanya.com/de/antalya-alanya/residence/azura-world-residence
AZW-B01-0024,B01,24,4+1,313.0,,,650000.0,EUR,single_source,available,portal_listing,false,https://www.seaside-alanya.com/de/antalya-alanya/residence/azura-world-residence
AZW-B01-0025,B01,25,5+1,361.0,,,1200000.0,EUR,single_source,available,portal_listing,false,https://www.seaside-alanya.com/de/antalya-alanya/residence/azura-world-residence
AZW-B01-0026,B01,26,3+1,183.0,,1,574000,EUR,inferred,unknown,modelled,true,https://hasporealty.com/en/properties/prodaetsya-apartamenty-3-1-xl-v-komplekse-azura-world-tyurkler-alanya/
AZW-B01-0027,B01,27,1+1,85.0,,2,168500,EUR,inferred,unknown,modelled,true,https://hasporealty.com/en/properties/prodaetsya-kvartira-1-1-v-komplekse-azura-world-oba-alanya/
AZW-B01-0028,B01,28,2+1,129.0,,3,281131,EUR,inferred,unknown,modelled,true,https://hasporealty.com/en/properties/kvartira-2-1-azura-world-tyurkler-alanya-3/
AZW-B01-0029,B01,29,4+1,313.0,,4,650000,EUR,inferred,unknown,modelled,true,https://www.seaside-alanya.com/de/antalya-alanya/residence/azura-world-residence
AZW-B01-0030,B01,30,5+1,361.0,,5,1200000,EUR,inferred,unknown,modelled,true,https://www.seaside-alanya.com/de/antalya-alanya/residence/azura-world-residence
AZW-B01-0031,B01,31,3+1,183.0,,0,574000,EUR,inferred,unknown,modelled,true,https://hasporealty.com/en/properties/prodaetsya-apartamenty-3-1-xl-v-komplekse-azura-world-tyurkler-alanya/
AZW-B01-0032,B01,32,1+1,85.0,,1,168500,EUR,inferred,unknown,modelled,true,https://hasporealty.com/en/properties/prodaetsya-kvartira-1-1-v-komplekse-azura-world-oba-alanya/
AZW-B01-0033,B01,33,2+1,129.0,,2,281131,EUR,inferred,unknown,modelled,true,https://hasporealty.com/en/properties/kvartira-2-1-azura-world-tyurkler-alanya-3/
AZW-B01-0034,B01,34,4+1,313.0,,3,650000,EUR,inferred,unknown,modelled,true,https://www.seaside-alanya.com/de/antalya-alanya/residence/azura-world-residence
AZW-B01-0035,B01,35,5+1,361.0,,4,1200000,EUR,inferred,unknown,modelled,true,https://www.seaside-alanya.com/de/antalya-alanya/residence/azura-world-residence
AZW-B01-0036,B01,36,3+1,183.0,,5,574000,EUR,inferred,unknown,modelled,true,https://hasporealty.com/en/properties/prodaetsya-apartamenty-3-1-xl-v-komplekse-azura-world-tyurkler-alanya/
AZW-B01-0037,B01,37,1+1,85.0,,0,168500,EUR,inferred,unknown,modelled,true,https://hasporealty.com/en/properties/prodaetsya-kvartira-1-1-v-komplekse-azura-world-oba-alanya/
AZW-B01-0038,B01,38,2+1,129.0,,1,281131,EUR,inferred,unknown,modelled,true,https://hasporealty.com/en/properties/kvartira-2-1-azura-world-tyurkler-alanya-3/
AZW-B01-0039,B01,39,4+1,313.0,,2,650000,EUR,inferred,unknown,modelled,true,https://www.seaside-alanya.com/de/antalya-alanya/residence/azura-world-residence
AZW-B01-0040,B01,40,5+1,361.0,,3,1200000,EUR,inferred,unknown,modelled,true,https://www.seaside-alanya.com/de/antalya-alanya/residence/azura-world-residence
AZW-B01-0041,B01,41,3+1,183.0,,4,574000,EUR,inferred,unknown,modelled,true,https://hasporealty.com/en/properties/prodaetsya-apartamenty-3-1-xl-v-komplekse-azura-world-tyurkler-alanya/
AZW-B01-0042,B01,42,1+1,85.0,,5,168500,EUR,inferred,unknown,modelled,true,https://hasporealty.com/en/properties/prodaetsya-kvartira-1-1-v-komplekse-azura-world-oba-alanya/
AZW-B01-0043,B01,43,2+1,129.0,,0,281131,EUR,inferred,unknown,modelled,true,https://hasporealty.com/en/properties/kvartira-2-1-azura-world-tyurkler-alanya-3/
AZW-B01-0044,B01,44,4+1,313.0,,1,650000,EUR,inferred,unknown,modelled,true,https://www.seaside-alanya.com/de/antalya-alanya/residence/azura-world-residence
AZW-B01-0045,B01,45,5+1,361.0,,2,1200000,EUR,inferred,unknown,modelled,true,https://www.seaside-alanya.com/de/antalya-alanya/residence/azura-world-residence
AZW-B01-0046,B01,46,3+1,183.0,,3,574000,EUR,inferred,unknown,modelled,true,https://hasporealty.com/en/properties/prodaetsya-apartamenty-3-1-xl-v-komplekse-azura-world-tyurkler-alanya/
AZW-B01-0047,B01,47,1+1,85.0,,4,168500,EUR,inferred,unknown,modelled,true,https://hasporealty.com/en/properties/prodaetsya-kvartira-1-1-v-komplekse-azura-world-oba-alanya/
AZW-B01-0048,B01,48,2+1,129.0,,5,281131,EUR,inferred,unknown,modelled,true,https://hasporealty.com/en/properties/kvartira-2-1-azura-world-tyurkler-alanya-3/
AZW-B01-0049,B01,49,4+1,313.0,,0,650000,EUR,inferred,unknown,modelled,true,https://www.seaside-alanya.com/de/antalya-alanya/residence/azura-world-residence
AZW-B01-0050,B01,50,5+1,361.0,,1,1200000,EUR,inferred,unknown,modelled,true,https://www.seaside-alanya.com/de/antalya-alanya/residence/azura-world-residence
AZW-B01-0051,B01,51,3+1,183.0,,2,574000,EUR,inferred,unknown,modelled,true,https://hasporealty.com/en/properties/prodaetsya-apartamenty-3-1-xl-v-komplekse-azura-world-tyurkler-alanya/
AZW-B01-0052,B01,52,1+1,85.0,,3,168500,EUR,inferred,unknown,modelled,true,https://hasporealty.com/en/properties/prodaetsya-kvartira-1-1-v-komplekse-azura-world-oba-alanya/
AZW-B01-0053,B01,53,2+1,129.0,,4,281131,EUR,inferred,unknown,modelled,true,https://hasporealty.com/en/properties/kvartira-2-1-azura-world-tyurkler-alanya-3/
AZW-B01-0054,B01,54,4+1,313.0,,5,650000,EUR,inferred,unknown,modelled,true,https://www.seaside-alanya.com/de/antalya-alanya/residence/azura-world-residence
AZW-B01-0055,B01,55,5+1,361.0,,0,1200000,EUR,inferred,unknown,modelled,true,https://www.seaside-alanya.com/de/antalya-alanya/residence/azura-world-residence
AZW-B01-0056,B01,56,3+1,183.0,,1,574000,EUR,inferred,unknown,modelled,true,https://hasporealty.com/en/properties/prodaetsya-apartamenty-3-1-xl-v-komplekse-azura-world-tyurkler-alanya/
AZW-B01-0057,B01,57,1+1,85.0,,2,168500,EUR,inferred,unknown,modelled,true,https://hasporealty.com/en/properties/prodaetsya-kvartira-1-1-v-komplekse-azura-world-oba-alanya/
AZW-B01-0058,B01,58,2+1,129.0,,3,281131,EUR,inferred,unknown,modelled,true,https://hasporealty.com/en/properties/kvartira-2-1-azura-world-tyurkler-alanya-3/
AZW-B01-0059,B01,59,4+1,313.0,,4,650000,EUR,inferred,unknown,modelled,true,https://www.seaside-alanya.com/de/antalya-alanya/residence/azura-world-residence
AZW-B01-0060,B01,60,5+1,361.0,,5,1200000,EUR,inferred,unknown,modelled,true,https://www.seaside-alanya.com/de/antalya-alanya/residence/azura-world-residence
AZW-B01-0061,B01,61,3+1,183.0,,0,574000,EUR,inferred,unknown,modelled,true,https://hasporealty.com/en/properties/prodaetsya-apartamenty-3-1-xl-v-komplekse-azura-world-tyurkler-alanya/
AZW-B01-0062,B01,62,1+1,85.0,,1,168500,EUR,inferred,unknown,modelled,true,https://hasporealty.com/en/properties/prodaetsya-kvartira-1-1-v-komplekse-azura-world-oba-alanya/
AZW-B01-0063,B01,63,2+1,129.0,,2,281131,EUR,inferred,unknown,modelled,true,https://hasporealty.com/en/properties/kvartira-2-1-azura-world-tyurkler-alanya-3/
AZW-B01-0064,B01,64,4+1,313.0,,3,650000,EUR,inferred,unknown,modelled,true,https://www.seaside-alanya.com/de/antalya-alanya/residence/azura-world-residence
AZW-B01-0065,B01,65,5+1,361.0,,4,1200000,EUR,inferred,unknown,modelled,true,https://www.seaside-alanya.com/de/antalya-alanya/residence/azura-world-residence
AZW-B01-0066,B01,66,3+1,183.0,,5,574000,EUR,inferred,unknown,modelled,true,https://hasporealty.com/en/properties/prodaetsya-apartamenty-3-1-xl-v-komplekse-azura-world-tyurkler-alanya/
AZW-B01-0067,B01,67,1+1,85.0,,0,168500,EUR,inferred,unknown,modelled,true,https://hasporealty.com/en/properties/prodaetsya-kvartira-1-1-v-komplekse-azura-world-oba-alanya/
AZW-B01-0068,B01,68,2+1,129.0,,1,281131,EUR,inferred,unknown,modelled,true,https://hasporealty.com/en/properties/kvartira-2-1-azura-world-tyurkler-alanya-3/
AZW-B01-0069,B01,69,4+1,313.0,,2,650000,EUR,inferred,unknown,modelled,true,https://www.seaside-alanya.com/de/antalya-alanya/residence/azura-world-residence
AZW-B01-0070,B01,70,5+1,361.0,,3,1200000,EUR,inferred,unknown,modelled,true,https://www.seaside-alanya.com/de/antalya-alanya/residence/azura-world-residence
AZW-B01-0071,B01,71,3+1,183.0,,4,574000,EUR,inferred,unknown,modelled,true,https://hasporealty.com/en/properties/prodaetsya-apartamenty-3-1-xl-v-komplekse-azura-world-tyurkler-alanya/
AZW-B01-0072,B01,72,1+1,85.0,,5,168500,EUR,inferred,unknown,modelled,true,https://hasporealty.com/en/properties/prodaetsya-kvartira-1-1-v-komplekse-azura-world-oba-alanya/
AZW-B01-0073,B01,73,2+1,129.0,,0,281131,EUR,inferred,unknown,modelled,true,https://hasporealty.com/en/properties/kvartira-2-1-azura-world-tyurkler-alanya-3/
AZW-B01-0074,B01,74,4+1,313.0,,1,650000,EUR,inferred,unknown,modelled,true,https://www.seaside-alanya.com/de/antalya-alanya/residence/azura-world-residence
AZW-B01-0075,B01,75,5+1,361.0,,2,1200000,EUR,inferred,unknown,modelled,true,https://www.seaside-alanya.com/de/antalya-alanya/residence/azura-world-residence
AZW-B01-0076,B01,76,3+1,183.0,,3,574000,EUR,inferred,unknown,modelled,true,https://hasporealty.com/en/properties/prodaetsya-apartamenty-3-1-xl-v-komplekse-azura-world-tyurkler-alanya/
AZW-B01-0077,B01,77,1+1,85.0,,4,168500,EUR,inferred,unknown,modelled,true,https://hasporealty.com/en/properties/prodaetsya-kvartira-1-1-v-komplekse-azura-world-oba-alanya/
AZW-B01-0078,B01,78,2+1,129.0,,5,281131,EUR,inferred,unknown,modelled,true,https://hasporealty.com/en/properties/kvartira-2-1-azura-world-tyurkler-alanya-3/
AZW-B01-0079,B01,79,4+1,313.0,,0,650000,EUR,inferred,unknown,modelled,true,https://www.seaside-alanya.com/de/antalya-alanya/residence/azura-world-residence
AZW-B01-0080,B01,80,5+1,361.0,,1,1200000,EUR,inferred,unknown,modelled,true,https://www.seaside-alanya.com/de/antalya-alanya/residence/azura-world-residence
AZW-B01-0081,B01,81,3+1,183.0,,2,574000,EUR,inferred,unknown,modelled,true,https://hasporealty.com/en/properties/prodaetsya-apartamenty-3-1-xl-v-komplekse-azura-world-tyurkler-alanya/
AZW-B01-0082,B01,82,1+1,85.0,,3,168500,EUR,inferred,unknown,modelled,true,https://hasporealty.com/en/properties/prodaetsya-kvartira-1-1-v-komplekse-azura-world-oba-alanya/
AZW-B01-0083,B01,83,2+1,129.0,,4,281131,EUR,inferred,unknown,modelled,true,https://hasporealty.com/en/properties/kvartira-2-1-azura-world-tyurkler-alanya-3/
AZW-B01-0084,B01,84,4+1,313.0,,5,650000,EUR,inferred,unknown,modelled,true,https://www.seaside-alanya.com/de/antalya-alanya/residence/azura-world-residence
AZW-B01-0085,B01,85,5+1,361.0,,0,1200000,EUR,inferred,unknown,modelled,true,https://www.seaside-alanya.com/de/antalya-alanya/residence/azura-world-residence
AZW-B01-0086,B01,86,3+1,183.0,,1,574000,EUR,inferred,unknown,modelled,true,https://hasporealty.com/en/properties/prodaetsya-apartamenty-3-1-xl-v-komplekse-azura-world-tyurkler-alanya/
AZW-B01-0087,B01,87,1+1,85.0,,2,168500,EUR,inferred,unknown,modelled,true,https://hasporealty.com/en/properties/prodaetsya-kvartira-1-1-v-komplekse-azura-world-oba-alanya/
AZW-B01-0088,B01,88,2+1,129.0,,3,281131,EUR,inferred,unknown,modelled,true,https://hasporealty.com/en/properties/kvartira-2-1-azura-world-tyurkler-alanya-3/
AZW-B01-0089,B01,89,4+1,313.0,,4,650000,EUR,inferred,unknown,modelled,true,https://www.seaside-alanya.com/de/antalya-alanya/residence/azura-world-residence
AZW-B01-0090,B01,90,5+1,361.0,,5,1200000,EUR,inferred,unknown,modelled,true,https://www.seaside-alanya.com/de/antalya-alanya/residence/azura-world-residence
AZW-B01-0091,B01,91,3+1,183.0,,0,574000,EUR,inferred,unknown,modelled,true,https://hasporealty.com/en/properties/prodaetsya-apartamenty-3-1-xl-v-komplekse-azura-world-tyurkler-alanya/
AZW-B01-0092,B01,92,1+1,85.0,,1,168500,EUR,inferred,unknown,modelled,true,https://hasporealty.com/en/properties/prodaetsya-kvartira-1-1-v-komplekse-azura-world-oba-alanya/
AZW-B01-0093,B01,93,2+1,129.0,,2,281131,EUR,inferred,unknown,modelled,true,https://hasporealty.com/en/properties/kvartira-2-1-azura-world-tyurkler-alanya-3/
AZW-B01-0094,B01,94,4+1,313.0,,3,650000,EUR,inferred,unknown,modelled,true,https://www.seaside-alanya.com/de/antalya-alanya/residence/azura-world-residence
AZW-B02-0001,B02,1,5+1,361.0,,0,1200000,EUR,inferred,unknown,modelled,true,https://www.seaside-alanya.com/de/antalya-alanya/residence/azura-world-residence
AZW-B02-0002,B02,2,3+1,183.0,,1,574000,EUR,inferred,unknown,modelled,true,https://hasporealty.com/en/properties/prodaetsya-apartamenty-3-1-xl-v-komplekse-azura-world-tyurkler-alanya/
AZW-B02-0003,B02,3,1+1,85.0,,2,168500,EUR,inferred,unknown,modelled,true,https://hasporealty.com/en/properties/prodaetsya-kvartira-1-1-v-komplekse-azura-world-oba-alanya/
AZW-B02-0004,B02,4,2+1,129.0,,3,281131,EUR,inferred,unknown,modelled,true,https://hasporealty.com/en/properties/kvartira-2-1-azura-world-tyurkler-alanya-3/
AZW-B02-0005,B02,5,4+1,313.0,,4,650000,EUR,inferred,unknown,modelled,true,https://www.seaside-alanya.com/de/antalya-alanya/residence/azura-world-residence
AZW-B02-0006,B02,6,5+1,361.0,,5,1200000,EUR,inferred,unknown,modelled,true,https://www.seaside-alanya.com/de/antalya-alanya/residence/azura-world-residence
AZW-B02-0007,B02,7,3+1,183.0,,0,574000,EUR,inferred,unknown,modelled,true,https://hasporealty.com/en/properties/prodaetsya-apartamenty-3-1-xl-v-komplekse-azura-world-tyurkler-alanya/
AZW-B02-0008,B02,8,1+1,85.0,,1,168500,EUR,inferred,unknown,modelled,true,https://hasporealty.com/en/properties/prodaetsya-kvartira-1-1-v-komplekse-azura-world-oba-alanya/
AZW-B02-0009,B02,9,2+1,129.0,,2,281131,EUR,inferred,unknown,modelled,true,https://hasporealty.com/en/properties/kvartira-2-1-azura-world-tyurkler-alanya-3/
AZW-B02-0010,B02,10,4+1,313.0,,3,650000,EUR,inferred,unknown,modelled,true,https://www.seaside-alanya.com/de/antalya-alanya/residence/azura-world-residence
AZW-B02-0011,B02,11,5+1,361.0,,4,1200000,EUR,inferred,unknown,modelled,true,https://www.seaside-alanya.com/de/antalya-alanya/residence/azura-world-residence
AZW-B02-0012,B02,12,3+1,183.0,,5,574000,EUR,inferred,unknown,modelled,true,https://hasporealty.com/en/properties/prodaetsya-apartamenty-3-1-xl-v-komplekse-azura-world-tyurkler-alanya/
AZW-B02-0013,B02,13,1+1,85.0,,0,168500,EUR,inferred,unknown,modelled,true,https://hasporealty.com/en/properties/prodaetsya-kvartira-1-1-v-komplekse-azura-world-oba-alanya/
AZW-B02-0014,B02,14,2+1,129.0,,1,281131,EUR,inferred,unknown,modelled,true,https://hasporealty.com/en/properties/kvartira-2-1-azura-world-tyurkler-alanya-3/
AZW-B02-0015,B02,15,4+1,313.0,,2,650000,EUR,inferred,unknown,modelled,true,https://www.seaside-alanya.com/de/antalya-alanya/residence/azura-world-residence
AZW-B02-0016,B02,16,5+1,361.0,,3,1200000,EUR,inferred,unknown,modelled,true,https://www.seaside-alanya.com/de/antalya-alanya/residence/azura-world-residence
AZW-B02-0017,B02,17,3+1,183.0,,4,574000,EUR,inferred,unknown,modelled,true,https://hasporealty.com/en/properties/prodaetsya-apartamenty-3-1-xl-v-komplekse-azura-world-tyurkler-alanya/
AZW-B02-0018,B02,18,1+1,85.0,,5,168500,EUR,inferred,unknown,modelled,true,https://hasporealty.com/en/properties/prodaetsya-kvartira-1-1-v-komplekse-azura-world-oba-alanya/
AZW-B02-0019,B02,19,2+1,129.0,,0,281131,EUR,inferred,unknown,modelled,true,https://hasporealty.com/en/properties/kvartira-2-1-azura-world-tyurkler-alanya-3/
AZW-B02-0020,B02,20,4+1,313.0,,1,650000,EUR,inferred,unknown,modelled,true,https://www.seaside-alanya.com/de/antalya-alanya/residence/azura-world-residence
AZW-B02-0021,B02,21,5+1,361.0,,2,1200000,EUR,inferred,unknown,modelled,true,https://www.seaside-alanya.com/de/antalya-alanya/residence/azura-world-residence
AZW-B02-0022,B02,22,3+1,183.0,,3,574000,EUR,inferred,unknown,modelled,true,https://hasporealty.com/en/properties/prodaetsya-apartamenty-3-1-xl-v-komplekse-azura-world-tyurkler-alanya/
AZW-B02-0023,B02,23,1+1,85.0,,4,168500,EUR,inferred,unknown,modelled,true,https://hasporealty.com/en/properties/prodaetsya-kvartira-1-1-v-komplekse-azura-world-oba-alanya/
AZW-B02-0024,B02,24,2+1,129.0,,5,281131,EUR,inferred,unknown,modelled,true,https://hasporealty.com/en/properties/kvartira-2-1-azura-world-tyurkler-alanya-3/
AZW-B02-0025,B02,25,4+1,313.0,,0,650000,EUR,inferred,unknown,modelled,true,https://www.seaside-alanya.com/de/antalya-alanya/residence/azura-world-residence
AZW-B02-0026,B02,26,5+1,361.0,,1,1200000,EUR,inferred,unknown,modelled,true,https://www.seaside-alanya.com/de/antalya-alanya/residence/azura-world-residence
AZW-B02-0027,B02,27,3+1,183.0,,2,574000,EUR,inferred,unknown,modelled,true,https://hasporealty.com/en/properties/prodaetsya-apartamenty-3-1-xl-v-komplekse-azura-world-tyurkler-alanya/
AZW-B02-0028,B02,28,1+1,85.0,,3,168500,EUR,inferred,unknown,modelled,true,https://hasporealty.com/en/properties/prodaetsya-kvartira-1-1-v-komplekse-azura-world-oba-alanya/
AZW-B02-0029,B02,29,2+1,129.0,,4,281131,EUR,inferred,unknown,modelled,true,https://hasporealty.com/en/properties/kvartira-2-1-azura-world-tyurkler-alanya-3/
AZW-B02-0030,B02,30,4+1,313.0,,5,650000,EUR,inferred,unknown,modelled,true,https://www.seaside-alanya.com/de/antalya-alanya/residence/azura-world-residence
AZW-B02-0031,B02,31,5+1,361.0,,0,1200000,EUR,inferred,unknown,modelled,true,https://www.seaside-alanya.com/de/antalya-alanya/residence/azura-world-residence
AZW-B02-0032,B02,32,3+1,183.0,,1,574000,EUR,inferred,unknown,modelled,true,https://hasporealty.com/en/properties/prodaetsya-apartamenty-3-1-xl-v-komplekse-azura-world-tyurkler-alanya/
AZW-B02-0033,B02,33,1+1,85.0,,2,168500,EUR,inferred,unknown,modelled,true,https://hasporealty.com/en/properties/prodaetsya-kvartira-1-1-v-komplekse-azura-world-oba-alanya/
AZW-B02-0034,B02,34,2+1,129.0,,3,281131,EUR,inferred,unknown,modelled,true,https://hasporealty.com/en/properties/kvartira-2-1-azura-world-tyurkler-alanya-3/
AZW-B02-0035,B02,35,4+1,313.0,,4,650000,EUR,inferred,unknown,modelled,true,https://www.seaside-alanya.com/de/antalya-alanya/residence/azura-world-residence
AZW-B02-0036,B02,36,5+1,361.0,,5,1200000,EUR,inferred,unknown,modelled,true,https://www.seaside-alanya.com/de/antalya-alanya/residence/azura-world-residence
AZW-B02-0037,B02,37,3+1,183.0,,0,574000,EUR,inferred,unknown,modelled,true,https://hasporealty.com/en/properties/prodaetsya-apartamenty-3-1-xl-v-komplekse-azura-world-tyurkler-alanya/
AZW-B02-0038,B02,38,1+1,85.0,,1,168500,EUR,inferred,unknown,modelled,true,https://hasporealty.com/en/properties/prodaetsya-kvartira-1-1-v-komplekse-azura-world-oba-alanya/
AZW-B02-0039,B02,39,2+1,129.0,,2,281131,EUR,inferred,unknown,modelled,true,https://hasporealty.com/en/properties/kvartira-2-1-azura-world-tyurkler-alanya-3/
AZW-B02-0040,B02,40,4+1,313.0,,3,650000,EUR,inferred,unknown,modelled,true,https://www.seaside-alanya.com/de/antalya-alanya/residence/azura-world-residence
AZW-B02-0041,B02,41,5+1,361.0,,4,1200000,EUR,inferred,unknown,modelled,true,https://www.seaside-alanya.com/de/antalya-alanya/residence/azura-world-residence
AZW-B02-0042,B02,42,3+1,183.0,,5,574000,EUR,inferred,unknown,modelled,true,https://hasporealty.com/en/properties/prodaetsya-apartamenty-3-1-xl-v-komplekse-azura-world-tyurkler-alanya/
AZW-B02-0043,B02,43,1+1,85.0,,0,168500,EUR,inferred,unknown,modelled,true,https://hasporealty.com/en/properties/prodaetsya-kvartira-1-1-v-komplekse-azura-world-oba-alanya/
AZW-B02-0044,B02,44,2+1,129.0,,1,281131,EUR,inferred,unknown,modelled,true,https://hasporealty.com/en/properties/kvartira-2-1-azura-world-tyurkler-alanya-3/
AZW-B02-0045,B02,45,4+1,313.0,,2,650000,EUR,inferred,unknown,modelled,true,https://www.seaside-alanya.com/de/antalya-alanya/residence/azura-world-residence
AZW-B02-0046,B02,46,5+1,361.0,,3,1200000,EUR,inferred,unknown,modelled,true,https://www.seaside-alanya.com/de/antalya-alanya/residence/azura-world-residence
AZW-B02-0047,B02,47,3+1,183.0,,4,574000,EUR,inferred,unknown,modelled,true,https://hasporealty.com/en/properties/prodaetsya-apartamenty-3-1-xl-v-komplekse-azura-world-tyurkler-alanya/
AZW-B02-0048,B02,48,1+1,85.0,,5,168500,EUR,inferred,unknown,modelled,true,https://hasporealty.com/en/properties/prodaetsya-kvartira-1-1-v-komplekse-azura-world-oba-alanya/
AZW-B02-0049,B02,49,2+1,129.0,,0,281131,EUR,inferred,unknown,modelled,true,https://hasporealty.com/en/properties/kvartira-2-1-azura-world-tyurkler-alanya-3/
AZW-B02-0050,B02,50,4+1,313.0,,1,650000,EUR,inferred,unknown,modelled,true,https://www.seaside-alanya.com/de/antalya-alanya/residence/azura-world-residence
AZW-B02-0051,B02,51,5+1,361.0,,2,1200000,EUR,inferred,unknown,modelled,true,https://www.seaside-alanya.com/de/antalya-alanya/residence/azura-world-residence
AZW-B02-0052,B02,52,3+1,183.0,,3,574000,EUR,inferred,unknown,modelled,true,https://hasporealty.com/en/properties/prodaetsya-apartamenty-3-1-xl-v-komplekse-azura-world-tyurkler-alanya/
AZW-B02-0053,B02,53,1+1,85.0,,4,168500,EUR,inferred,unknown,modelled,true,https://hasporealty.com/en/properties/prodaetsya-kvartira-1-1-v-komplekse-azura-world-oba-alanya/
AZW-B02-0054,B02,54,2+1,129.0,,5,281131,EUR,inferred,unknown,modelled,true,https://hasporealty.com/en/properties/kvartira-2-1-azura-world-tyurkler-alanya-3/
AZW-B02-0055,B02,55,4+1,313.0,,0,650000,EUR,inferred,unknown,modelled,true,https://www.seaside-alanya.com/de/antalya-alanya/residence/azura-world-residence
AZW-B02-0056,B02,56,5+1,361.0,,1,1200000,EUR,inferred,unknown,modelled,true,https://www.seaside-alanya.com/de/antalya-alanya/residence/azura-world-residence
AZW-B02-0057,B02,57,3+1,183.0,,2,574000,EUR,inferred,unknown,modelled,true,https://hasporealty.com/en/properties/prodaetsya-apartamenty-3-1-xl-v-komplekse-azura-world-tyurkler-alanya/
AZW-B02-0058,B02,58,1+1,85.0,,3,168500,EUR,inferred,unknown,modelled,true,https://hasporealty.com/en/properties/prodaetsya-kvartira-1-1-v-komplekse-azura-world-oba-alanya/
AZW-B02-0059,B02,59,2+1,129.0,,4,281131,EUR,inferred,unknown,modelled,true,https://hasporealty.com/en/properties/kvartira-2-1-azura-world-tyurkler-alanya-3/
AZW-B02-0060,B02,60,4+1,313.0,,5,650000,EUR,inferred,unknown,modelled,true,https://www.seaside-alanya.com/de/antalya-alanya/residence/azura-world-residence
AZW-B02-0061,B02,61,5+1,361.0,,0,1200000,EUR,inferred,unknown,modelled,true,https://www.seaside-alanya.com/de/antalya-alanya/residence/azura-world-residence
AZW-B02-0062,B02,62,3+1,183.0,,1,574000,EUR,inferred,unknown,modelled,true,https://hasporealty.com/en/properties/prodaetsya-apartamenty-3-1-xl-v-komplekse-azura-world-tyurkler-alanya/
AZW-B02-0063,B02,63,1+1,85.0,,2,168500,EUR,inferred,unknown,modelled,true,https://hasporealty.com/en/properties/prodaetsya-kvartira-1-1-v-komplekse-azura-world-oba-alanya/
AZW-B02-0064,B02,64,2+1,129.0,,3,281131,EUR,inferred,unknown,modelled,true,https://hasporealty.com/en/properties/kvartira-2-1-azura-world-tyurkler-alanya-3/
AZW-B02-0065,B02,65,4+1,313.0,,4,650000,EUR,inferred,unknown,modelled,true,https://www.seaside-alanya.com/de/antalya-alanya/residence/azura-world-residence
AZW-B02-0066,B02,66,5+1,361.0,,5,1200000,EUR,inferred,unknown,modelled,true,https://www.seaside-alanya.com/de/antalya-alanya/residence/azura-world-residence
AZW-B02-0067,B02,67,3+1,183.0,,0,574000,EUR,inferred,unknown,modelled,true,https://hasporealty.com/en/properties/prodaetsya-apartamenty-3-1-xl-v-komplekse-azura-world-tyurkler-alanya/
AZW-B02-0068,B02,68,1+1,85.0,,1,168500,EUR,inferred,unknown,modelled,true,https://hasporealty.com/en/properties/prodaetsya-kvartira-1-1-v-komplekse-azura-world-oba-alanya/
AZW-B02-0069,B02,69,2+1,129.0,,2,281131,EUR,inferred,unknown,modelled,true,https://hasporealty.com/en/properties/kvartira-2-1-azura-world-tyurkler-alanya-3/
AZW-B02-0070,B02,70,4+1,313.0,,3,650000,EUR,inferred,unknown,modelled,true,https://www.seaside-alanya.com/de/antalya-alanya/residence/azura-world-residence
AZW-B02-0071,B02,71,5+1,361.0,,4,1200000,EUR,inferred,unknown,modelled,true,https://www.seaside-alanya.com/de/antalya-alanya/residence/azura-world-residence
AZW-B02-0072,B02,72,3+1,183.0,,5,574000,EUR,inferred,unknown,modelled,true,https://hasporealty.com/en/properties/prodaetsya-apartamenty-3-1-xl-v-komplekse-azura-world-tyurkler-alanya/
AZW-B02-0073,B02,73,1+1,85.0,,0,168500,EUR,inferred,unknown,modelled,true,https://hasporealty.com/en/properties/prodaetsya-kvartira-1-1-v-komplekse-azura-world-oba-alanya/
AZW-B02-0074,B02,74,2+1,129.0,,1,281131,EUR,inferred,unknown,modelled,true,https://hasporealty.com/en/properties/kvartira-2-1-azura-world-tyurkler-alanya-3/
AZW-B02-0075,B02,75,4+1,313.0,,2,650000,EUR,inferred,unknown,modelled,true,https://www.seaside-alanya.com/de/antalya-alanya/residence/azura-world-residence
AZW-B02-0076,B02,76,5+1,361.0,,3,1200000,EUR,inferred,unknown,modelled,true,https://www.seaside-alanya.com/de/antalya-alanya/residence/azura-world-residence
AZW-B02-0077,B02,77,3+1,183.0,,4,574000,EUR,inferred,unknown,modelled,true,https://hasporealty.com/en/properties/prodaetsya-apartamenty-3-1-xl-v-komplekse-azura-world-tyurkler-alanya/
AZW-B02-0078,B02,78,1+1,85.0,,5,168500,EUR,inferred,unknown,modelled,true,https://hasporealty.com/en/properties/prodaetsya-kvartira-1-1-v-komplekse-azura-world-oba-alanya/
AZW-B02-0079,B02,79,2+1,129.0,,0,281131,EUR,inferred,unknown,modelled,true,https://hasporealty.com/en/properties/kvartira-2-1-azura-world-tyurkler-alanya-3/
AZW-B02-0080,B02,80,4+1,313.0,,1,650000,EUR,inferred,unknown,modelled,true,https://www.seaside-alanya.com/de/antalya-alanya/residence/azura-world-residence
AZW-B02-0081,B02,81,5+1,361.0,,2,1200000,EUR,inferred,unknown,modelled,true,https://www.seaside-alanya.com/de/antalya-alanya/residence/azura-world-residence
AZW-B02-0082,B02,82,3+1,183.0,,3,574000,EUR,inferred,unknown,modelled,true,https://hasporealty.com/en/properties/prodaetsya-apartamenty-3-1-xl-v-komplekse-azura-world-tyurkler-alanya/
AZW-B02-0083,B02,83,1+1,85.0,,4,168500,EUR,inferred,unknown,modelled,true,https://hasporealty.com/en/properties/prodaetsya-kvartira-1-1-v-komplekse-azura-world-oba-alanya/
AZW-B02-0084,B02,84,2+1,129.0,,5,281131,EUR,inferred,unknown,modelled,true,https://hasporealty.com/en/properties/kvartira-2-1-azura-world-tyurkler-alanya-3/
AZW-B02-0085,B02,85,4+1,313.0,,0,650000,EUR,inferred,unknown,modelled,true,https://www.seaside-alanya.com/de/antalya-alanya/residence/azura-world-residence
AZW-B02-0086,B02,86,5+1,361.0,,1,1200000,EUR,inferred,unknown,modelled,true,https://www.seaside-alanya.com/de/antalya-alanya/residence/azura-world-residence
AZW-B02-0087,B02,87,3+1,183.0,,2,574000,EUR,inferred,unknown,modelled,true,https://hasporealty.com/en/properties/prodaetsya-apartamenty-3-1-xl-v-komplekse-azura-world-tyurkler-alanya/
AZW-B02-0088,B02,88,1+1,85.0,,3,168500,EUR,inferred,unknown,modelled,true,https://hasporealty.com/en/properties/prodaetsya-kvartira-1-1-v-komplekse-azura-world-oba-alanya/
AZW-B02-0089,B02,89,2+1,129.0,,4,281131,EUR,inferred,unknown,modelled,true,https://hasporealty.com/en/properties/kvartira-2-1-azura-world-tyurkler-alanya-3/
AZW-B02-0090,B02,90,4+1,313.0,,5,650000,EUR,inferred,unknown,modelled,true,https://www.seaside-alanya.com/de/antalya-alanya/residence/azura-world-residence
AZW-B02-0091,B02,91,5+1,361.0,,0,1200000,EUR,inferred,unknown,modelled,true,https://www.seaside-alanya.com/de/antalya-alanya/residence/azura-world-residence
AZW-B02-0092,B02,92,3+1,183.0,,1,574000,EUR,inferred,unknown,modelled,true,https://hasporealty.com/en/properties/prodaetsya-apartamenty-3-1-xl-v-komplekse-azura-world-tyurkler-alanya/
AZW-B02-0093,B02,93,1+1,85.0,,2,168500,EUR,inferred,unknown,modelled,true,https://hasporealty.com/en/properties/prodaetsya-kvartira-1-1-v-komplekse-azura-world-oba-alanya/
AZW-B02-0094,B02,94,2+1,129.0,,3,281131,EUR,inferred,unknown,modelled,true,https://hasporealty.com/en/properties/kvartira-2-1-azura-world-tyurkler-alanya-3/
AZW-B03-0001,B03,1,4+1,313.0,,0,650000,EUR,inferred,unknown,modelled,true,https://www.seaside-alanya.com/de/antalya-alanya/residence/azura-world-residence
AZW-B03-0002,B03,2,5+1,361.0,,1,1200000,EUR,inferred,unknown,modelled,true,https://www.seaside-alanya.com/de/antalya-alanya/residence/azura-world-residence
AZW-B03-0003,B03,3,3+1,183.0,,2,574000,EUR,inferred,unknown,modelled,true,https://hasporealty.com/en/properties/prodaetsya-apartamenty-3-1-xl-v-komplekse-azura-world-tyurkler-alanya/
AZW-B03-0004,B03,4,1+1,85.0,,3,168500,EUR,inferred,unknown,modelled,true,https://hasporealty.com/en/properties/prodaetsya-kvartira-1-1-v-komplekse-azura-world-oba-alanya/
AZW-B03-0005,B03,5,2+1,129.0,,4,281131,EUR,inferred,unknown,modelled,true,https://hasporealty.com/en/properties/kvartira-2-1-azura-world-tyurkler-alanya-3/
AZW-B03-0006,B03,6,4+1,313.0,,5,650000,EUR,inferred,unknown,modelled,true,https://www.seaside-alanya.com/de/antalya-alanya/residence/azura-world-residence
AZW-B03-0007,B03,7,5+1,361.0,,0,1200000,EUR,inferred,unknown,modelled,true,https://www.seaside-alanya.com/de/antalya-alanya/residence/azura-world-residence
AZW-B03-0008,B03,8,3+1,183.0,,1,574000,EUR,inferred,unknown,modelled,true,https://hasporealty.com/en/properties/prodaetsya-apartamenty-3-1-xl-v-komplekse-azura-world-tyurkler-alanya/
AZW-B03-0009,B03,9,1+1,85.0,,2,168500,EUR,inferred,unknown,modelled,true,https://hasporealty.com/en/properties/prodaetsya-kvartira-1-1-v-komplekse-azura-world-oba-alanya/
AZW-B03-0010,B03,10,2+1,129.0,,3,281131,EUR,inferred,unknown,modelled,true,https://hasporealty.com/en/properties/kvartira-2-1-azura-world-tyurkler-alanya-3/
AZW-B03-0011,B03,11,4+1,313.0,,4,650000,EUR,inferred,unknown,modelled,true,https://www.seaside-alanya.com/de/antalya-alanya/residence/azura-world-residence
AZW-B03-0012,B03,12,5+1,361.0,,5,1200000,EUR,inferred,unknown,modelled,true,https://www.seaside-alanya.com/de/antalya-alanya/residence/azura-world-residence
AZW-B03-0013,B03,13,3+1,183.0,,0,574000,EUR,inferred,unknown,modelled,true,https://hasporealty.com/en/properties/prodaetsya-apartamenty-3-1-xl-v-komplekse-azura-world-tyurkler-alanya/
AZW-B03-0014,B03,14,1+1,85.0,,1,168500,EUR,inferred,unknown,modelled,true,https://hasporealty.com/en/properties/prodaetsya-kvartira-1-1-v-komplekse-azura-world-oba-alanya/
AZW-B03-0015,B03,15,2+1,129.0,,2,281131,EUR,inferred,unknown,modelled,true,https://hasporealty.com/en/properties/kvartira-2-1-azura-world-tyurkler-alanya-3/
AZW-B03-0016,B03,16,4+1,313.0,,3,650000,EUR,inferred,unknown,modelled,true,https://www.seaside-alanya.com/de/antalya-alanya/residence/azura-world-residence
AZW-B03-0017,B03,17,5+1,361.0,,4,1200000,EUR,inferred,unknown,modelled,true,https://www.seaside-alanya.com/de/antalya-alanya/residence/azura-world-residence
AZW-B03-0018,B03,18,3+1,183.0,,5,574000,EUR,inferred,unknown,modelled,true,https://hasporealty.com/en/properties/prodaetsya-apartamenty-3-1-xl-v-komplekse-azura-world-tyurkler-alanya/
AZW-B03-0019,B03,19,1+1,85.0,,0,168500,EUR,inferred,unknown,modelled,true,https://hasporealty.com/en/properties/prodaetsya-kvartira-1-1-v-komplekse-azura-world-oba-alanya/
AZW-B03-0020,B03,20,2+1,129.0,,1,281131,EUR,inferred,unknown,modelled,true,https://hasporealty.com/en/properties/kvartira-2-1-azura-world-tyurkler-alanya-3/
AZW-B03-0021,B03,21,4+1,313.0,,2,650000,EUR,inferred,unknown,modelled,true,https://www.seaside-alanya.com/de/antalya-alanya/residence/azura-world-residence
AZW-B03-0022,B03,22,5+1,361.0,,3,1200000,EUR,inferred,unknown,modelled,true,https://www.seaside-alanya.com/de/antalya-alanya/residence/azura-world-residence
AZW-B03-0023,B03,23,3+1,183.0,,4,574000,EUR,inferred,unknown,modelled,true,https://hasporealty.com/en/properties/prodaetsya-apartamenty-3-1-xl-v-komplekse-azura-world-tyurkler-alanya/
AZW-B03-0024,B03,24,1+1,85.0,,5,168500,EUR,inferred,unknown,modelled,true,https://hasporealty.com/en/properties/prodaetsya-kvartira-1-1-v-komplekse-azura-world-oba-alanya/
AZW-B03-0025,B03,25,2+1,129.0,,0,281131,EUR,inferred,unknown,modelled,true,https://hasporealty.com/en/properties/kvartira-2-1-azura-world-tyurkler-alanya-3/
AZW-B03-0026,B03,26,4+1,313.0,,1,650000,EUR,inferred,unknown,modelled,true,https://www.seaside-alanya.com/de/antalya-alanya/residence/azura-world-residence
AZW-B03-0027,B03,27,5+1,361.0,,2,1200000,EUR,inferred,unknown,modelled,true,https://www.seaside-alanya.com/de/antalya-alanya/residence/azura-world-residence
AZW-B03-0028,B03,28,3+1,183.0,,3,574000,EUR,inferred,unknown,modelled,true,https://hasporealty.com/en/properties/prodaetsya-apartamenty-3-1-xl-v-komplekse-azura-world-tyurkler-alanya/
AZW-B03-0029,B03,29,1+1,85.0,,4,168500,EUR,inferred,unknown,modelled,true,https://hasporealty.com/en/properties/prodaetsya-kvartira-1-1-v-komplekse-azura-world-oba-alanya/
AZW-B03-0030,B03,30,2+1,129.0,,5,281131,EUR,inferred,unknown,modelled,true,https://hasporealty.com/en/properties/kvartira-2-1-azura-world-tyurkler-alanya-3/
AZW-B03-0031,B03,31,4+1,313.0,,0,650000,EUR,inferred,unknown,modelled,true,https://www.seaside-alanya.com/de/antalya-alanya/residence/azura-world-residence
AZW-B03-0032,B03,32,5+1,361.0,,1,1200000,EUR,inferred,unknown,modelled,true,https://www.seaside-alanya.com/de/antalya-alanya/residence/azura-world-residence
AZW-B03-0033,B03,33,3+1,183.0,,2,574000,EUR,inferred,unknown,modelled,true,https://hasporealty.com/en/properties/prodaetsya-apartamenty-3-1-xl-v-komplekse-azura-world-tyurkler-alanya/
AZW-B03-0034,B03,34,1+1,85.0,,3,168500,EUR,inferred,unknown,modelled,true,https://hasporealty.com/en/properties/prodaetsya-kvartira-1-1-v-komplekse-azura-world-oba-alanya/
AZW-B03-0035,B03,35,2+1,129.0,,4,281131,EUR,inferred,unknown,modelled,true,https://hasporealty.com/en/properties/kvartira-2-1-azura-world-tyurkler-alanya-3/
AZW-B03-0036,B03,36,4+1,313.0,,5,650000,EUR,inferred,unknown,modelled,true,https://www.seaside-alanya.com/de/antalya-alanya/residence/azura-world-residence
AZW-B03-0037,B03,37,5+1,361.0,,0,1200000,EUR,inferred,unknown,modelled,true,https://www.seaside-alanya.com/de/antalya-alanya/residence/azura-world-residence
AZW-B03-0038,B03,38,3+1,183.0,,1,574000,EUR,inferred,unknown,modelled,true,https://hasporealty.com/en/properties/prodaetsya-apartamenty-3-1-xl-v-komplekse-azura-world-tyurkler-alanya/
AZW-B03-0039,B03,39,1+1,85.0,,2,168500,EUR,inferred,unknown,modelled,true,https://hasporealty.com/en/properties/prodaetsya-kvartira-1-1-v-komplekse-azura-world-oba-alanya/
AZW-B03-0040,B03,40,2+1,129.0,,3,281131,EUR,inferred,unknown,modelled,true,https://hasporealty.com/en/properties/kvartira-2-1-azura-world-tyurkler-alanya-3/
AZW-B03-0041,B03,41,4+1,313.0,,4,650000,EUR,inferred,unknown,modelled,true,https://www.seaside-alanya.com/de/antalya-alanya/residence/azura-world-residence
AZW-B03-0042,B03,42,5+1,361.0,,5,1200000,EUR,inferred,unknown,modelled,true,https://www.seaside-alanya.com/de/antalya-alanya/residence/azura-world-residence
AZW-B03-0043,B03,43,3+1,183.0,,0,574000,EUR,inferred,unknown,modelled,true,https://hasporealty.com/en/properties/prodaetsya-apartamenty-3-1-xl-v-komplekse-azura-world-tyurkler-alanya/
AZW-B03-0044,B03,44,1+1,85.0,,1,168500,EUR,inferred,unknown,modelled,true,https://hasporealty.com/en/properties/prodaetsya-kvartira-1-1-v-komplekse-azura-world-oba-alanya/
AZW-B03-0045,B03,45,2+1,129.0,,2,281131,EUR,inferred,unknown,modelled,true,https://hasporealty.com/en/properties/kvartira-2-1-azura-world-tyurkler-alanya-3/
AZW-B03-0046,B03,46,4+1,313.0,,3,650000,EUR,inferred,unknown,modelled,true,https://www.seaside-alanya.com/de/antalya-alanya/residence/azura-world-residence
AZW-B03-0047,B03,47,5+1,361.0,,4,1200000,EUR,inferred,unknown,modelled,true,https://www.seaside-alanya.com/de/antalya-alanya/residence/azura-world-residence
AZW-B03-0048,B03,48,3+1,183.0,,5,574000,EUR,inferred,unknown,modelled,true,https://hasporealty.com/en/properties/prodaetsya-apartamenty-3-1-xl-v-komplekse-azura-world-tyurkler-alanya/
AZW-B03-0049,B03,49,1+1,85.0,,0,168500,EUR,inferred,unknown,modelled,true,https://hasporealty.com/en/properties/prodaetsya-kvartira-1-1-v-komplekse-azura-world-oba-alanya/
AZW-B03-0050,B03,50,2+1,129.0,,1,281131,EUR,inferred,unknown,modelled,true,https://hasporealty.com/en/properties/kvartira-2-1-azura-world-tyurkler-alanya-3/
AZW-B03-0051,B03,51,4+1,313.0,,2,650000,EUR,inferred,unknown,modelled,true,https://www.seaside-alanya.com/de/antalya-alanya/residence/azura-world-residence
AZW-B03-0052,B03,52,5+1,361.0,,3,1200000,EUR,inferred,unknown,modelled,true,https://www.seaside-alanya.com/de/antalya-alanya/residence/azura-world-residence
AZW-B03-0053,B03,53,3+1,183.0,,4,574000,EUR,inferred,unknown,modelled,true,https://hasporealty.com/en/properties/prodaetsya-apartamenty-3-1-xl-v-komplekse-azura-world-tyurkler-alanya/
AZW-B03-0054,B03,54,1+1,85.0,,5,168500,EUR,inferred,unknown,modelled,true,https://hasporealty.com/en/properties/prodaetsya-kvartira-1-1-v-komplekse-azura-world-oba-alanya/
AZW-B03-0055,B03,55,2+1,129.0,,0,281131,EUR,inferred,unknown,modelled,true,https://hasporealty.com/en/properties/kvartira-2-1-azura-world-tyurkler-alanya-3/
AZW-B03-0056,B03,56,4+1,313.0,,1,650000,EUR,inferred,unknown,modelled,true,https://www.seaside-alanya.com/de/antalya-alanya/residence/azura-world-residence
AZW-B03-0057,B03,57,5+1,361.0,,2,1200000,EUR,inferred,unknown,modelled,true,https://www.seaside-alanya.com/de/antalya-alanya/residence/azura-world-residence
AZW-B03-0058,B03,58,3+1,183.0,,3,574000,EUR,inferred,unknown,modelled,true,https://hasporealty.com/en/properties/prodaetsya-apartamenty-3-1-xl-v-komplekse-azura-world-tyurkler-alanya/
AZW-B03-0059,B03,59,1+1,85.0,,4,168500,EUR,inferred,unknown,modelled,true,https://hasporealty.com/en/properties/prodaetsya-kvartira-1-1-v-komplekse-azura-world-oba-alanya/
AZW-B03-0060,B03,60,2+1,129.0,,5,281131,EUR,inferred,unknown,modelled,true,https://hasporealty.com/en/properties/kvartira-2-1-azura-world-tyurkler-alanya-3/
AZW-B03-0061,B03,61,4+1,313.0,,0,650000,EUR,inferred,unknown,modelled,true,https://www.seaside-alanya.com/de/antalya-alanya/residence/azura-world-residence
AZW-B03-0062,B03,62,5+1,361.0,,1,1200000,EUR,inferred,unknown,modelled,true,https://www.seaside-alanya.com/de/antalya-alanya/residence/azura-world-residence
AZW-B03-0063,B03,63,3+1,183.0,,2,574000,EUR,inferred,unknown,modelled,true,https://hasporealty.com/en/properties/prodaetsya-apartamenty-3-1-xl-v-komplekse-azura-world-tyurkler-alanya/
AZW-B03-0064,B03,64,1+1,85.0,,3,168500,EUR,inferred,unknown,modelled,true,https://hasporealty.com/en/properties/prodaetsya-kvartira-1-1-v-komplekse-azura-world-oba-alanya/
AZW-B03-0065,B03,65,2+1,129.0,,4,281131,EUR,inferred,unknown,modelled,true,https://hasporealty.com/en/properties/kvartira-2-1-azura-world-tyurkler-alanya-3/
AZW-B03-0066,B03,66,4+1,313.0,,5,650000,EUR,inferred,unknown,modelled,true,https://www.seaside-alanya.com/de/antalya-alanya/residence/azura-world-residence
AZW-B03-0067,B03,67,5+1,361.0,,0,1200000,EUR,inferred,unknown,modelled,true,https://www.seaside-alanya.com/de/antalya-alanya/residence/azura-world-residence
AZW-B03-0068,B03,68,3+1,183.0,,1,574000,EUR,inferred,unknown,modelled,true,https://hasporealty.com/en/properties/prodaetsya-apartamenty-3-1-xl-v-komplekse-azura-world-tyurkler-alanya/
AZW-B03-0069,B03,69,1+1,85.0,,2,168500,EUR,inferred,unknown,modelled,true,https://hasporealty.com/en/properties/prodaetsya-kvartira-1-1-v-komplekse-azura-world-oba-alanya/
AZW-B03-0070,B03,70,2+1,129.0,,3,281131,EUR,inferred,unknown,modelled,true,https://hasporealty.com/en/properties/kvartira-2-1-azura-world-tyurkler-alanya-3/
AZW-B03-0071,B03,71,4+1,313.0,,4,650000,EUR,inferred,unknown,modelled,true,https://www.seaside-alanya.com/de/antalya-alanya/residence/azura-world-residence
AZW-B03-0072,B03,72,5+1,361.0,,5,1200000,EUR,inferred,unknown,modelled,true,https://www.seaside-alanya.com/de/antalya-alanya/residence/azura-world-residence
AZW-B03-0073,B03,73,3+1,183.0,,0,574000,EUR,inferred,unknown,modelled,true,https://hasporealty.com/en/properties/prodaetsya-apartamenty-3-1-xl-v-komplekse-azura-world-tyurkler-alanya/
AZW-B03-0074,B03,74,1+1,85.0,,1,168500,EUR,inferred,unknown,modelled,true,https://hasporealty.com/en/properties/prodaetsya-kvartira-1-1-v-komplekse-azura-world-oba-alanya/
AZW-B03-0075,B03,75,2+1,129.0,,2,281131,EUR,inferred,unknown,modelled,true,https://hasporealty.com/en/properties/kvartira-2-1-azura-world-tyurkler-alanya-3/
AZW-B03-0076,B03,76,4+1,313.0,,3,650000,EUR,inferred,unknown,modelled,true,https://www.seaside-alanya.com/de/antalya-alanya/residence/azura-world-residence
AZW-B03-0077,B03,77,5+1,361.0,,4,1200000,EUR,inferred,unknown,modelled,true,https://www.seaside-alanya.com/de/antalya-alanya/residence/azura-world-residence
AZW-B03-0078,B03,78,3+1,183.0,,5,574000,EUR,inferred,unknown,modelled,true,https://hasporealty.com/en/properties/prodaetsya-apartamenty-3-1-xl-v-komplekse-azura-world-tyurkler-alanya/
AZW-B03-0079,B03,79,1+1,85.0,,0,168500,EUR,inferred,unknown,modelled,true,https://hasporealty.com/en/properties/prodaetsya-kvartira-1-1-v-komplekse-azura-world-oba-alanya/
AZW-B03-0080,B03,80,2+1,129.0,,1,281131,EUR,inferred,unknown,modelled,true,https://hasporealty.com/en/properties/kvartira-2-1-azura-world-tyurkler-alanya-3/
AZW-B03-0081,B03,81,4+1,313.0,,2,650000,EUR,inferred,unknown,modelled,true,https://www.seaside-alanya.com/de/antalya-alanya/residence/azura-world-residence
AZW-B03-0082,B03,82,5+1,361.0,,3,1200000,EUR,inferred,unknown,modelled,true,https://www.seaside-alanya.com/de/antalya-alanya/residence/azura-world-residence
AZW-B03-0083,B03,83,3+1,183.0,,4,574000,EUR,inferred,unknown,modelled,true,https://hasporealty.com/en/properties/prodaetsya-apartamenty-3-1-xl-v-komplekse-azura-world-tyurkler-alanya/
AZW-B03-0084,B03,84,1+1,85.0,,5,168500,EUR,inferred,unknown,modelled,true,https://hasporealty.com/en/properties/prodaetsya-kvartira-1-1-v-komplekse-azura-world-oba-alanya/
AZW-B03-0085,B03,85,2+1,129.0,,0,281131,EUR,inferred,unknown,modelled,true,https://hasporealty.com/en/properties/kvartira-2-1-azura-world-tyurkler-alanya-3/
AZW-B03-0086,B03,86,4+1,313.0,,1,650000,EUR,inferred,unknown,modelled,true,https://www.seaside-alanya.com/de/antalya-alanya/residence/azura-world-residence
AZW-B03-0087,B03,87,5+1,361.0,,2,1200000,EUR,inferred,unknown,modelled,true,https://www.seaside-alanya.com/de/antalya-alanya/residence/azura-world-residence
AZW-B03-0088,B03,88,3+1,183.0,,3,574000,EUR,inferred,unknown,modelled,true,https://hasporealty.com/en/properties/prodaetsya-apartamenty-3-1-xl-v-komplekse-azura-world-tyurkler-alanya/
AZW-B03-0089,B03,89,1+1,85.0,,4,168500,EUR,inferred,unknown,modelled,true,https://hasporealty.com/en/properties/prodaetsya-kvartira-1-1-v-komplekse-azura-world-oba-alanya/
AZW-B03-0090,B03,90,2+1,129.0,,5,281131,EUR,inferred,unknown,modelled,true,https://hasporealty.com/en/properties/kvartira-2-1-azura-world-tyurkler-alanya-3/
AZW-B03-0091,B03,91,4+1,313.0,,0,650000,EUR,inferred,unknown,modelled,true,https://www.seaside-alanya.com/de/antalya-alanya/residence/azura-world-residence
AZW-B03-0092,B03,92,5+1,361.0,,1,1200000,EUR,inferred,unknown,modelled,true,https://www.seaside-alanya.com/de/antalya-alanya/residence/azura-world-residence
AZW-B03-0093,B03,93,3+1,183.0,,2,574000,EUR,inferred,unknown,modelled,true,https://hasporealty.com/en/properties/prodaetsya-apartamenty-3-1-xl-v-komplekse-azura-world-tyurkler-alanya/
AZW-B03-0094,B03,94,1+1,85.0,,3,168500,EUR,inferred,unknown,modelled,true,https://hasporealty.com/en/properties/prodaetsya-kvartira-1-1-v-komplekse-azura-world-oba-alanya/
AZW-B04-0001,B04,1,2+1,129.0,,0,281131,EUR,inferred,unknown,modelled,true,https://hasporealty.com/en/properties/kvartira-2-1-azura-world-tyurkler-alanya-3/
AZW-B04-0002,B04,2,4+1,313.0,,1,650000,EUR,inferred,unknown,modelled,true,https://www.seaside-alanya.com/de/antalya-alanya/residence/azura-world-residence
AZW-B04-0003,B04,3,5+1,361.0,,2,1200000,EUR,inferred,unknown,modelled,true,https://www.seaside-alanya.com/de/antalya-alanya/residence/azura-world-residence
AZW-B04-0004,B04,4,3+1,183.0,,3,574000,EUR,inferred,unknown,modelled,true,https://hasporealty.com/en/properties/prodaetsya-apartamenty-3-1-xl-v-komplekse-azura-world-tyurkler-alanya/
AZW-B04-0005,B04,5,1+1,85.0,,4,168500,EUR,inferred,unknown,modelled,true,https://hasporealty.com/en/properties/prodaetsya-kvartira-1-1-v-komplekse-azura-world-oba-alanya/
AZW-B04-0006,B04,6,2+1,129.0,,5,281131,EUR,inferred,unknown,modelled,true,https://hasporealty.com/en/properties/kvartira-2-1-azura-world-tyurkler-alanya-3/
AZW-B04-0007,B04,7,4+1,313.0,,0,650000,EUR,inferred,unknown,modelled,true,https://www.seaside-alanya.com/de/antalya-alanya/residence/azura-world-residence
AZW-B04-0008,B04,8,5+1,361.0,,1,1200000,EUR,inferred,unknown,modelled,true,https://www.seaside-alanya.com/de/antalya-alanya/residence/azura-world-residence
AZW-B04-0009,B04,9,3+1,183.0,,2,574000,EUR,inferred,unknown,modelled,true,https://hasporealty.com/en/properties/prodaetsya-apartamenty-3-1-xl-v-komplekse-azura-world-tyurkler-alanya/
AZW-B04-0010,B04,10,1+1,85.0,,3,168500,EUR,inferred,unknown,modelled,true,https://hasporealty.com/en/properties/prodaetsya-kvartira-1-1-v-komplekse-azura-world-oba-alanya/
AZW-B04-0011,B04,11,2+1,129.0,,4,281131,EUR,inferred,unknown,modelled,true,https://hasporealty.com/en/properties/kvartira-2-1-azura-world-tyurkler-alanya-3/
AZW-B04-0012,B04,12,4+1,313.0,,5,650000,EUR,inferred,unknown,modelled,true,https://www.seaside-alanya.com/de/antalya-alanya/residence/azura-world-residence
AZW-B04-0013,B04,13,5+1,361.0,,0,1200000,EUR,inferred,unknown,modelled,true,https://www.seaside-alanya.com/de/antalya-alanya/residence/azura-world-residence
AZW-B04-0014,B04,14,3+1,183.0,,1,574000,EUR,inferred,unknown,modelled,true,https://hasporealty.com/en/properties/prodaetsya-apartamenty-3-1-xl-v-komplekse-azura-world-tyurkler-alanya/
AZW-B04-0015,B04,15,1+1,85.0,,2,168500,EUR,inferred,unknown,modelled,true,https://hasporealty.com/en/properties/prodaetsya-kvartira-1-1-v-komplekse-azura-world-oba-alanya/
AZW-B04-0016,B04,16,2+1,129.0,,3,281131,EUR,inferred,unknown,modelled,true,https://hasporealty.com/en/properties/kvartira-2-1-azura-world-tyurkler-alanya-3/
AZW-B04-0017,B04,17,4+1,313.0,,4,650000,EUR,inferred,unknown,modelled,true,https://www.seaside-alanya.com/de/antalya-alanya/residence/azura-world-residence
AZW-B04-0018,B04,18,5+1,361.0,,5,1200000,EUR,inferred,unknown,modelled,true,https://www.seaside-alanya.com/de/antalya-alanya/residence/azura-world-residence
AZW-B04-0019,B04,19,3+1,183.0,,0,574000,EUR,inferred,unknown,modelled,true,https://hasporealty.com/en/properties/prodaetsya-apartamenty-3-1-xl-v-komplekse-azura-world-tyurkler-alanya/
AZW-B04-0020,B04,20,1+1,85.0,,1,168500,EUR,inferred,unknown,modelled,true,https://hasporealty.com/en/properties/prodaetsya-kvartira-1-1-v-komplekse-azura-world-oba-alanya/
AZW-B04-0021,B04,21,2+1,129.0,,2,281131,EUR,inferred,unknown,modelled,true,https://hasporealty.com/en/properties/kvartira-2-1-azura-world-tyurkler-alanya-3/
AZW-B04-0022,B04,22,4+1,313.0,,3,650000,EUR,inferred,unknown,modelled,true,https://www.seaside-alanya.com/de/antalya-alanya/residence/azura-world-residence
AZW-B04-0023,B04,23,5+1,361.0,,4,1200000,EUR,inferred,unknown,modelled,true,https://www.seaside-alanya.com/de/antalya-alanya/residence/azura-world-residence
AZW-B04-0024,B04,24,3+1,183.0,,5,574000,EUR,inferred,unknown,modelled,true,https://hasporealty.com/en/properties/prodaetsya-apartamenty-3-1-xl-v-komplekse-azura-world-tyurkler-alanya/
AZW-B04-0025,B04,25,1+1,85.0,,0,168500,EUR,inferred,unknown,modelled,true,https://hasporealty.com/en/properties/prodaetsya-kvartira-1-1-v-komplekse-azura-world-oba-alanya/
AZW-B04-0026,B04,26,2+1,129.0,,1,281131,EUR,inferred,unknown,modelled,true,https://hasporealty.com/en/properties/kvartira-2-1-azura-world-tyurkler-alanya-3/
AZW-B04-0027,B04,27,4+1,313.0,,2,650000,EUR,inferred,unknown,modelled,true,https://www.seaside-alanya.com/de/antalya-alanya/residence/azura-world-residence
AZW-B04-0028,B04,28,5+1,361.0,,3,1200000,EUR,inferred,unknown,modelled,true,https://www.seaside-alanya.com/de/antalya-alanya/residence/azura-world-residence
AZW-B04-0029,B04,29,3+1,183.0,,4,574000,EUR,inferred,unknown,modelled,true,https://hasporealty.com/en/properties/prodaetsya-apartamenty-3-1-xl-v-komplekse-azura-world-tyurkler-alanya/
AZW-B04-0030,B04,30,1+1,85.0,,5,168500,EUR,inferred,unknown,modelled,true,https://hasporealty.com/en/properties/prodaetsya-kvartira-1-1-v-komplekse-azura-world-oba-alanya/
AZW-B04-0031,B04,31,2+1,129.0,,0,281131,EUR,inferred,unknown,modelled,true,https://hasporealty.com/en/properties/kvartira-2-1-azura-world-tyurkler-alanya-3/
AZW-B04-0032,B04,32,4+1,313.0,,1,650000,EUR,inferred,unknown,modelled,true,https://www.seaside-alanya.com/de/antalya-alanya/residence/azura-world-residence
AZW-B04-0033,B04,33,5+1,361.0,,2,1200000,EUR,inferred,unknown,modelled,true,https://www.seaside-alanya.com/de/antalya-alanya/residence/azura-world-residence
AZW-B04-0034,B04,34,3+1,183.0,,3,574000,EUR,inferred,unknown,modelled,true,https://hasporealty.com/en/properties/prodaetsya-apartamenty-3-1-xl-v-komplekse-azura-world-tyurkler-alanya/
AZW-B04-0035,B04,35,1+1,85.0,,4,168500,EUR,inferred,unknown,modelled,true,https://hasporealty.com/en/properties/prodaetsya-kvartira-1-1-v-komplekse-azura-world-oba-alanya/
AZW-B04-0036,B04,36,2+1,129.0,,5,281131,EUR,inferred,unknown,modelled,true,https://hasporealty.com/en/properties/kvartira-2-1-azura-world-tyurkler-alanya-3/
AZW-B04-0037,B04,37,4+1,313.0,,0,650000,EUR,inferred,unknown,modelled,true,https://www.seaside-alanya.com/de/antalya-alanya/residence/azura-world-residence
AZW-B04-0038,B04,38,5+1,361.0,,1,1200000,EUR,inferred,unknown,modelled,true,https://www.seaside-alanya.com/de/antalya-alanya/residence/azura-world-residence
AZW-B04-0039,B04,39,3+1,183.0,,2,574000,EUR,inferred,unknown,modelled,true,https://hasporealty.com/en/properties/prodaetsya-apartamenty-3-1-xl-v-komplekse-azura-world-tyurkler-alanya/
AZW-B04-0040,B04,40,1+1,85.0,,3,168500,EUR,inferred,unknown,modelled,true,https://hasporealty.com/en/properties/prodaetsya-kvartira-1-1-v-komplekse-azura-world-oba-alanya/
AZW-B04-0041,B04,41,2+1,129.0,,4,281131,EUR,inferred,unknown,modelled,true,https://hasporealty.com/en/properties/kvartira-2-1-azura-world-tyurkler-alanya-3/
AZW-B04-0042,B04,42,4+1,313.0,,5,650000,EUR,inferred,unknown,modelled,true,https://www.seaside-alanya.com/de/antalya-alanya/residence/azura-world-residence
AZW-B04-0043,B04,43,5+1,361.0,,0,1200000,EUR,inferred,unknown,modelled,true,https://www.seaside-alanya.com/de/antalya-alanya/residence/azura-world-residence
AZW-B04-0044,B04,44,3+1,183.0,,1,574000,EUR,inferred,unknown,modelled,true,https://hasporealty.com/en/properties/prodaetsya-apartamenty-3-1-xl-v-komplekse-azura-world-tyurkler-alanya/
AZW-B04-0045,B04,45,1+1,85.0,,2,168500,EUR,inferred,unknown,modelled,true,https://hasporealty.com/en/properties/prodaetsya-kvartira-1-1-v-komplekse-azura-world-oba-alanya/
AZW-B04-0046,B04,46,2+1,129.0,,3,281131,EUR,inferred,unknown,modelled,true,https://hasporealty.com/en/properties/kvartira-2-1-azura-world-tyurkler-alanya-3/
AZW-B04-0047,B04,47,4+1,313.0,,4,650000,EUR,inferred,unknown,modelled,true,https://www.seaside-alanya.com/de/antalya-alanya/residence/azura-world-residence
AZW-B04-0048,B04,48,5+1,361.0,,5,1200000,EUR,inferred,unknown,modelled,true,https://www.seaside-alanya.com/de/antalya-alanya/residence/azura-world-residence
AZW-B04-0049,B04,49,3+1,183.0,,0,574000,EUR,inferred,unknown,modelled,true,https://hasporealty.com/en/properties/prodaetsya-apartamenty-3-1-xl-v-komplekse-azura-world-tyurkler-alanya/
AZW-B04-0050,B04,50,1+1,85.0,,1,168500,EUR,inferred,unknown,modelled,true,https://hasporealty.com/en/properties/prodaetsya-kvartira-1-1-v-komplekse-azura-world-oba-alanya/
AZW-B04-0051,B04,51,2+1,129.0,,2,281131,EUR,inferred,unknown,modelled,true,https://hasporealty.com/en/properties/kvartira-2-1-azura-world-tyurkler-alanya-3/
AZW-B04-0052,B04,52,4+1,313.0,,3,650000,EUR,inferred,unknown,modelled,true,https://www.seaside-alanya.com/de/antalya-alanya/residence/azura-world-residence
AZW-B04-0053,B04,53,5+1,361.0,,4,1200000,EUR,inferred,unknown,modelled,true,https://www.seaside-alanya.com/de/antalya-alanya/residence/azura-world-residence
AZW-B04-0054,B04,54,3+1,183.0,,5,574000,EUR,inferred,unknown,modelled,true,https://hasporealty.com/en/properties/prodaetsya-apartamenty-3-1-xl-v-komplekse-azura-world-tyurkler-alanya/
AZW-B04-0055,B04,55,1+1,85.0,,0,168500,EUR,inferred,unknown,modelled,true,https://hasporealty.com/en/properties/prodaetsya-kvartira-1-1-v-komplekse-azura-world-oba-alanya/
AZW-B04-0056,B04,56,2+1,129.0,,1,281131,EUR,inferred,unknown,modelled,true,https://hasporealty.com/en/properties/kvartira-2-1-azura-world-tyurkler-alanya-3/
AZW-B04-0057,B04,57,4+1,313.0,,2,650000,EUR,inferred,unknown,modelled,true,https://www.seaside-alanya.com/de/antalya-alanya/residence/azura-world-residence
AZW-B04-0058,B04,58,5+1,361.0,,3,1200000,EUR,inferred,unknown,modelled,true,https://www.seaside-alanya.com/de/antalya-alanya/residence/azura-world-residence
AZW-B04-0059,B04,59,3+1,183.0,,4,574000,EUR,inferred,unknown,modelled,true,https://hasporealty.com/en/properties/prodaetsya-apartamenty-3-1-xl-v-komplekse-azura-world-tyurkler-alanya/
AZW-B04-0060,B04,60,1+1,85.0,,5,168500,EUR,inferred,unknown,modelled,true,https://hasporealty.com/en/properties/prodaetsya-kvartira-1-1-v-komplekse-azura-world-oba-alanya/
AZW-B04-0061,B04,61,2+1,129.0,,0,281131,EUR,inferred,unknown,modelled,true,https://hasporealty.com/en/properties/kvartira-2-1-azura-world-tyurkler-alanya-3/
AZW-B04-0062,B04,62,4+1,313.0,,1,650000,EUR,inferred,unknown,modelled,true,https://www.seaside-alanya.com/de/antalya-alanya/residence/azura-world-residence
AZW-B04-0063,B04,63,5+1,361.0,,2,1200000,EUR,inferred,unknown,modelled,true,https://www.seaside-alanya.com/de/antalya-alanya/residence/azura-world-residence
AZW-B04-0064,B04,64,3+1,183.0,,3,574000,EUR,inferred,unknown,modelled,true,https://hasporealty.com/en/properties/prodaetsya-apartamenty-3-1-xl-v-komplekse-azura-world-tyurkler-alanya/
AZW-B04-0065,B04,65,1+1,85.0,,4,168500,EUR,inferred,unknown,modelled,true,https://hasporealty.com/en/properties/prodaetsya-kvartira-1-1-v-komplekse-azura-world-oba-alanya/
AZW-B04-0066,B04,66,2+1,129.0,,5,281131,EUR,inferred,unknown,modelled,true,https://hasporealty.com/en/properties/kvartira-2-1-azura-world-tyurkler-alanya-3/
AZW-B04-0067,B04,67,4+1,313.0,,0,650000,EUR,inferred,unknown,modelled,true,https://www.seaside-alanya.com/de/antalya-alanya/residence/azura-world-residence
AZW-B04-0068,B04,68,5+1,361.0,,1,1200000,EUR,inferred,unknown,modelled,true,https://www.seaside-alanya.com/de/antalya-alanya/residence/azura-world-residence
AZW-B04-0069,B04,69,3+1,183.0,,2,574000,EUR,inferred,unknown,modelled,true,https://hasporealty.com/en/properties/prodaetsya-apartamenty-3-1-xl-v-komplekse-azura-world-tyurkler-alanya/
AZW-B04-0070,B04,70,1+1,85.0,,3,168500,EUR,inferred,unknown,modelled,true,https://hasporealty.com/en/properties/prodaetsya-kvartira-1-1-v-komplekse-azura-world-oba-alanya/
AZW-B04-0071,B04,71,2+1,129.0,,4,281131,EUR,inferred,unknown,modelled,true,https://hasporealty.com/en/properties/kvartira-2-1-azura-world-tyurkler-alanya-3/
AZW-B04-0072,B04,72,4+1,313.0,,5,650000,EUR,inferred,unknown,modelled,true,https://www.seaside-alanya.com/de/antalya-alanya/residence/azura-world-residence
AZW-B04-0073,B04,73,5+1,361.0,,0,1200000,EUR,inferred,unknown,modelled,true,https://www.seaside-alanya.com/de/antalya-alanya/residence/azura-world-residence
AZW-B04-0074,B04,74,3+1,183.0,,1,574000,EUR,inferred,unknown,modelled,true,https://hasporealty.com/en/properties/prodaetsya-apartamenty-3-1-xl-v-komplekse-azura-world-tyurkler-alanya/
AZW-B04-0075,B04,75,1+1,85.0,,2,168500,EUR,inferred,unknown,modelled,true,https://hasporealty.com/en/properties/prodaetsya-kvartira-1-1-v-komplekse-azura-world-oba-alanya/
AZW-B04-0076,B04,76,2+1,129.0,,3,281131,EUR,inferred,unknown,modelled,true,https://hasporealty.com/en/properties/kvartira-2-1-azura-world-tyurkler-alanya-3/
AZW-B04-0077,B04,77,4+1,313.0,,4,650000,EUR,inferred,unknown,modelled,true,https://www.seaside-alanya.com/de/antalya-alanya/residence/azura-world-residence
AZW-B04-0078,B04,78,5+1,361.0,,5,1200000,EUR,inferred,unknown,modelled,true,https://www.seaside-alanya.com/de/antalya-alanya/residence/azura-world-residence
AZW-B04-0079,B04,79,3+1,183.0,,0,574000,EUR,inferred,unknown,modelled,true,https://hasporealty.com/en/properties/prodaetsya-apartamenty-3-1-xl-v-komplekse-azura-world-tyurkler-alanya/
AZW-B04-0080,B04,80,1+1,85.0,,1,168500,EUR,inferred,unknown,modelled,true,https://hasporealty.com/en/properties/prodaetsya-kvartira-1-1-v-komplekse-azura-world-oba-alanya/
AZW-B04-0081,B04,81,2+1,129.0,,2,281131,EUR,inferred,unknown,modelled,true,https://hasporealty.com/en/properties/kvartira-2-1-azura-world-tyurkler-alanya-3/
AZW-B04-0082,B04,82,4+1,313.0,,3,650000,EUR,inferred,unknown,modelled,true,https://www.seaside-alanya.com/de/antalya-alanya/residence/azura-world-residence
AZW-B04-0083,B04,83,5+1,361.0,,4,1200000,EUR,inferred,unknown,modelled,true,https://www.seaside-alanya.com/de/antalya-alanya/residence/azura-world-residence
AZW-B04-0084,B04,84,3+1,183.0,,5,574000,EUR,inferred,unknown,modelled,true,https://hasporealty.com/en/properties/prodaetsya-apartamenty-3-1-xl-v-komplekse-azura-world-tyurkler-alanya/
AZW-B04-0085,B04,85,1+1,85.0,,0,168500,EUR,inferred,unknown,modelled,true,https://hasporealty.com/en/properties/prodaetsya-kvartira-1-1-v-komplekse-azura-world-oba-alanya/
AZW-B04-0086,B04,86,2+1,129.0,,1,281131,EUR,inferred,unknown,modelled,true,https://hasporealty.com/en/properties/kvartira-2-1-azura-world-tyurkler-alanya-3/
AZW-B04-0087,B04,87,4+1,313.0,,2,650000,EUR,inferred,unknown,modelled,true,https://www.seaside-alanya.com/de/antalya-alanya/residence/azura-world-residence
AZW-B04-0088,B04,88,5+1,361.0,,3,1200000,EUR,inferred,unknown,modelled,true,https://www.seaside-alanya.com/de/antalya-alanya/residence/azura-world-residence
AZW-B04-0089,B04,89,3+1,183.0,,4,574000,EUR,inferred,unknown,modelled,true,https://hasporealty.com/en/properties/prodaetsya-apartamenty-3-1-xl-v-komplekse-azura-world-tyurkler-alanya/
AZW-B04-0090,B04,90,1+1,85.0,,5,168500,EUR,inferred,unknown,modelled,true,https://hasporealty.com/en/properties/prodaetsya-kvartira-1-1-v-komplekse-azura-world-oba-alanya/
AZW-B04-0091,B04,91,2+1,129.0,,0,281131,EUR,inferred,unknown,modelled,true,https://hasporealty.com/en/properties/kvartira-2-1-azura-world-tyurkler-alanya-3/
AZW-B04-0092,B04,92,4+1,313.0,,1,650000,EUR,inferred,unknown,modelled,true,https://www.seaside-alanya.com/de/antalya-alanya/residence/azura-world-residence
AZW-B04-0093,B04,93,5+1,361.0,,2,1200000,EUR,inferred,unknown,modelled,true,https://www.seaside-alanya.com/de/antalya-alanya/residence/azura-world-residence
AZW-B04-0094,B04,94,3+1,183.0,,3,574000,EUR,inferred,unknown,modelled,true,https://hasporealty.com/en/properties/prodaetsya-apartamenty-3-1-xl-v-komplekse-azura-world-tyurkler-alanya/
AZW-B05-0001,B05,1,1+1,85.0,,0,168500,EUR,inferred,unknown,modelled,true,https://hasporealty.com/en/properties/prodaetsya-kvartira-1-1-v-komplekse-azura-world-oba-alanya/
AZW-B05-0002,B05,2,2+1,129.0,,1,281131,EUR,inferred,unknown,modelled,true,https://hasporealty.com/en/properties/kvartira-2-1-azura-world-tyurkler-alanya-3/
AZW-B05-0003,B05,3,4+1,313.0,,2,650000,EUR,inferred,unknown,modelled,true,https://www.seaside-alanya.com/de/antalya-alanya/residence/azura-world-residence
AZW-B05-0004,B05,4,5+1,361.0,,3,1200000,EUR,inferred,unknown,modelled,true,https://www.seaside-alanya.com/de/antalya-alanya/residence/azura-world-residence
AZW-B05-0005,B05,5,3+1,183.0,,4,574000,EUR,inferred,unknown,modelled,true,https://hasporealty.com/en/properties/prodaetsya-apartamenty-3-1-xl-v-komplekse-azura-world-tyurkler-alanya/
AZW-B05-0006,B05,6,1+1,85.0,,5,168500,EUR,inferred,unknown,modelled,true,https://hasporealty.com/en/properties/prodaetsya-kvartira-1-1-v-komplekse-azura-world-oba-alanya/
AZW-B05-0007,B05,7,2+1,129.0,,0,281131,EUR,inferred,unknown,modelled,true,https://hasporealty.com/en/properties/kvartira-2-1-azura-world-tyurkler-alanya-3/
AZW-B05-0008,B05,8,4+1,313.0,,1,650000,EUR,inferred,unknown,modelled,true,https://www.seaside-alanya.com/de/antalya-alanya/residence/azura-world-residence
AZW-B05-0009,B05,9,5+1,361.0,,2,1200000,EUR,inferred,unknown,modelled,true,https://www.seaside-alanya.com/de/antalya-alanya/residence/azura-world-residence
AZW-B05-0010,B05,10,3+1,183.0,,3,574000,EUR,inferred,unknown,modelled,true,https://hasporealty.com/en/properties/prodaetsya-apartamenty-3-1-xl-v-komplekse-azura-world-tyurkler-alanya/
AZW-B05-0011,B05,11,1+1,85.0,,4,168500,EUR,inferred,unknown,modelled,true,https://hasporealty.com/en/properties/prodaetsya-kvartira-1-1-v-komplekse-azura-world-oba-alanya/
AZW-B05-0012,B05,12,2+1,129.0,,5,281131,EUR,inferred,unknown,modelled,true,https://hasporealty.com/en/properties/kvartira-2-1-azura-world-tyurkler-alanya-3/
AZW-B05-0013,B05,13,4+1,313.0,,0,650000,EUR,inferred,unknown,modelled,true,https://www.seaside-alanya.com/de/antalya-alanya/residence/azura-world-residence
AZW-B05-0014,B05,14,5+1,361.0,,1,1200000,EUR,inferred,unknown,modelled,true,https://www.seaside-alanya.com/de/antalya-alanya/residence/azura-world-residence
AZW-B05-0015,B05,15,3+1,183.0,,2,574000,EUR,inferred,unknown,modelled,true,https://hasporealty.com/en/properties/prodaetsya-apartamenty-3-1-xl-v-komplekse-azura-world-tyurkler-alanya/
AZW-B05-0016,B05,16,1+1,85.0,,3,168500,EUR,inferred,unknown,modelled,true,https://hasporealty.com/en/properties/prodaetsya-kvartira-1-1-v-komplekse-azura-world-oba-alanya/
AZW-B05-0017,B05,17,2+1,129.0,,4,281131,EUR,inferred,unknown,modelled,true,https://hasporealty.com/en/properties/kvartira-2-1-azura-world-tyurkler-alanya-3/
AZW-B05-0018,B05,18,4+1,313.0,,5,650000,EUR,inferred,unknown,modelled,true,https://www.seaside-alanya.com/de/antalya-alanya/residence/azura-world-residence
AZW-B05-0019,B05,19,5+1,361.0,,0,1200000,EUR,inferred,unknown,modelled,true,https://www.seaside-alanya.com/de/antalya-alanya/residence/azura-world-residence
AZW-B05-0020,B05,20,3+1,183.0,,1,574000,EUR,inferred,unknown,modelled,true,https://hasporealty.com/en/properties/prodaetsya-apartamenty-3-1-xl-v-komplekse-azura-world-tyurkler-alanya/
AZW-B05-0021,B05,21,1+1,85.0,,2,168500,EUR,inferred,unknown,modelled,true,https://hasporealty.com/en/properties/prodaetsya-kvartira-1-1-v-komplekse-azura-world-oba-alanya/
AZW-B05-0022,B05,22,2+1,129.0,,3,281131,EUR,inferred,unknown,modelled,true,https://hasporealty.com/en/properties/kvartira-2-1-azura-world-tyurkler-alanya-3/
AZW-B05-0023,B05,23,4+1,313.0,,4,650000,EUR,inferred,unknown,modelled,true,https://www.seaside-alanya.com/de/antalya-alanya/residence/azura-world-residence
AZW-B05-0024,B05,24,5+1,361.0,,5,1200000,EUR,inferred,unknown,modelled,true,https://www.seaside-alanya.com/de/antalya-alanya/residence/azura-world-residence
AZW-B05-0025,B05,25,3+1,183.0,,0,574000,EUR,inferred,unknown,modelled,true,https://hasporealty.com/en/properties/prodaetsya-apartamenty-3-1-xl-v-komplekse-azura-world-tyurkler-alanya/
AZW-B05-0026,B05,26,1+1,85.0,,1,168500,EUR,inferred,unknown,modelled,true,https://hasporealty.com/en/properties/prodaetsya-kvartira-1-1-v-komplekse-azura-world-oba-alanya/
AZW-B05-0027,B05,27,2+1,129.0,,2,281131,EUR,inferred,unknown,modelled,true,https://hasporealty.com/en/properties/kvartira-2-1-azura-world-tyurkler-alanya-3/
AZW-B05-0028,B05,28,4+1,313.0,,3,650000,EUR,inferred,unknown,modelled,true,https://www.seaside-alanya.com/de/antalya-alanya/residence/azura-world-residence
AZW-B05-0029,B05,29,5+1,361.0,,4,1200000,EUR,inferred,unknown,modelled,true,https://www.seaside-alanya.com/de/antalya-alanya/residence/azura-world-residence
AZW-B05-0030,B05,30,3+1,183.0,,5,574000,EUR,inferred,unknown,modelled,true,https://hasporealty.com/en/properties/prodaetsya-apartamenty-3-1-xl-v-komplekse-azura-world-tyurkler-alanya/
AZW-B05-0031,B05,31,1+1,85.0,,0,168500,EUR,inferred,unknown,modelled,true,https://hasporealty.com/en/properties/prodaetsya-kvartira-1-1-v-komplekse-azura-world-oba-alanya/
AZW-B05-0032,B05,32,2+1,129.0,,1,281131,EUR,inferred,unknown,modelled,true,https://hasporealty.com/en/properties/kvartira-2-1-azura-world-tyurkler-alanya-3/
AZW-B05-0033,B05,33,4+1,313.0,,2,650000,EUR,inferred,unknown,modelled,true,https://www.seaside-alanya.com/de/antalya-alanya/residence/azura-world-residence
AZW-B05-0034,B05,34,5+1,361.0,,3,1200000,EUR,inferred,unknown,modelled,true,https://www.seaside-alanya.com/de/antalya-alanya/residence/azura-world-residence
AZW-B05-0035,B05,35,3+1,183.0,,4,574000,EUR,inferred,unknown,modelled,true,https://hasporealty.com/en/properties/prodaetsya-apartamenty-3-1-xl-v-komplekse-azura-world-tyurkler-alanya/
AZW-B05-0036,B05,36,1+1,85.0,,5,168500,EUR,inferred,unknown,modelled,true,https://hasporealty.com/en/properties/prodaetsya-kvartira-1-1-v-komplekse-azura-world-oba-alanya/
AZW-B05-0037,B05,37,2+1,129.0,,0,281131,EUR,inferred,unknown,modelled,true,https://hasporealty.com/en/properties/kvartira-2-1-azura-world-tyurkler-alanya-3/
AZW-B05-0038,B05,38,4+1,313.0,,1,650000,EUR,inferred,unknown,modelled,true,https://www.seaside-alanya.com/de/antalya-alanya/residence/azura-world-residence
AZW-B05-0039,B05,39,5+1,361.0,,2,1200000,EUR,inferred,unknown,modelled,true,https://www.seaside-alanya.com/de/antalya-alanya/residence/azura-world-residence
AZW-B05-0040,B05,40,3+1,183.0,,3,574000,EUR,inferred,unknown,modelled,true,https://hasporealty.com/en/properties/prodaetsya-apartamenty-3-1-xl-v-komplekse-azura-world-tyurkler-alanya/
AZW-B05-0041,B05,41,1+1,85.0,,4,168500,EUR,inferred,unknown,modelled,true,https://hasporealty.com/en/properties/prodaetsya-kvartira-1-1-v-komplekse-azura-world-oba-alanya/
AZW-B05-0042,B05,42,2+1,129.0,,5,281131,EUR,inferred,unknown,modelled,true,https://hasporealty.com/en/properties/kvartira-2-1-azura-world-tyurkler-alanya-3/
AZW-B05-0043,B05,43,4+1,313.0,,0,650000,EUR,inferred,unknown,modelled,true,https://www.seaside-alanya.com/de/antalya-alanya/residence/azura-world-residence
AZW-B05-0044,B05,44,5+1,361.0,,1,1200000,EUR,inferred,unknown,modelled,true,https://www.seaside-alanya.com/de/antalya-alanya/residence/azura-world-residence
AZW-B05-0045,B05,45,3+1,183.0,,2,574000,EUR,inferred,unknown,modelled,true,https://hasporealty.com/en/properties/prodaetsya-apartamenty-3-1-xl-v-komplekse-azura-world-tyurkler-alanya/
AZW-B05-0046,B05,46,1+1,85.0,,3,168500,EUR,inferred,unknown,modelled,true,https://hasporealty.com/en/properties/prodaetsya-kvartira-1-1-v-komplekse-azura-world-oba-alanya/
AZW-B05-0047,B05,47,2+1,129.0,,4,281131,EUR,inferred,unknown,modelled,true,https://hasporealty.com/en/properties/kvartira-2-1-azura-world-tyurkler-alanya-3/
AZW-B05-0048,B05,48,4+1,313.0,,5,650000,EUR,inferred,unknown,modelled,true,https://www.seaside-alanya.com/de/antalya-alanya/residence/azura-world-residence
AZW-B05-0049,B05,49,5+1,361.0,,0,1200000,EUR,inferred,unknown,modelled,true,https://www.seaside-alanya.com/de/antalya-alanya/residence/azura-world-residence
AZW-B05-0050,B05,50,3+1,183.0,,1,574000,EUR,inferred,unknown,modelled,true,https://hasporealty.com/en/properties/prodaetsya-apartamenty-3-1-xl-v-komplekse-azura-world-tyurkler-alanya/
AZW-B05-0051,B05,51,1+1,85.0,,2,168500,EUR,inferred,unknown,modelled,true,https://hasporealty.com/en/properties/prodaetsya-kvartira-1-1-v-komplekse-azura-world-oba-alanya/
AZW-B05-0052,B05,52,2+1,129.0,,3,281131,EUR,inferred,unknown,modelled,true,https://hasporealty.com/en/properties/kvartira-2-1-azura-world-tyurkler-alanya-3/
AZW-B05-0053,B05,53,4+1,313.0,,4,650000,EUR,inferred,unknown,modelled,true,https://www.seaside-alanya.com/de/antalya-alanya/residence/azura-world-residence
AZW-B05-0054,B05,54,5+1,361.0,,5,1200000,EUR,inferred,unknown,modelled,true,https://www.seaside-alanya.com/de/antalya-alanya/residence/azura-world-residence
AZW-B05-0055,B05,55,3+1,183.0,,0,574000,EUR,inferred,unknown,modelled,true,https://hasporealty.com/en/properties/prodaetsya-apartamenty-3-1-xl-v-komplekse-azura-world-tyurkler-alanya/
AZW-B05-0056,B05,56,1+1,85.0,,1,168500,EUR,inferred,unknown,modelled,true,https://hasporealty.com/en/properties/prodaetsya-kvartira-1-1-v-komplekse-azura-world-oba-alanya/
AZW-B05-0057,B05,57,2+1,129.0,,2,281131,EUR,inferred,unknown,modelled,true,https://hasporealty.com/en/properties/kvartira-2-1-azura-world-tyurkler-alanya-3/
AZW-B05-0058,B05,58,4+1,313.0,,3,650000,EUR,inferred,unknown,modelled,true,https://www.seaside-alanya.com/de/antalya-alanya/residence/azura-world-residence
AZW-B05-0059,B05,59,5+1,361.0,,4,1200000,EUR,inferred,unknown,modelled,true,https://www.seaside-alanya.com/de/antalya-alanya/residence/azura-world-residence
AZW-B05-0060,B05,60,3+1,183.0,,5,574000,EUR,inferred,unknown,modelled,true,https://hasporealty.com/en/properties/prodaetsya-apartamenty-3-1-xl-v-komplekse-azura-world-tyurkler-alanya/
AZW-B05-0061,B05,61,1+1,85.0,,0,168500,EUR,inferred,unknown,modelled,true,https://hasporealty.com/en/properties/prodaetsya-kvartira-1-1-v-komplekse-azura-world-oba-alanya/
AZW-B05-0062,B05,62,2+1,129.0,,1,281131,EUR,inferred,unknown,modelled,true,https://hasporealty.com/en/properties/kvartira-2-1-azura-world-tyurkler-alanya-3/
AZW-B05-0063,B05,63,4+1,313.0,,2,650000,EUR,inferred,unknown,modelled,true,https://www.seaside-alanya.com/de/antalya-alanya/residence/azura-world-residence
AZW-B05-0064,B05,64,5+1,361.0,,3,1200000,EUR,inferred,unknown,modelled,true,https://www.seaside-alanya.com/de/antalya-alanya/residence/azura-world-residence
AZW-B05-0065,B05,65,3+1,183.0,,4,574000,EUR,inferred,unknown,modelled,true,https://hasporealty.com/en/properties/prodaetsya-apartamenty-3-1-xl-v-komplekse-azura-world-tyurkler-alanya/
AZW-B05-0066,B05,66,1+1,85.0,,5,168500,EUR,inferred,unknown,modelled,true,https://hasporealty.com/en/properties/prodaetsya-kvartira-1-1-v-komplekse-azura-world-oba-alanya/
AZW-B05-0067,B05,67,2+1,129.0,,0,281131,EUR,inferred,unknown,modelled,true,https://hasporealty.com/en/properties/kvartira-2-1-azura-world-tyurkler-alanya-3/
AZW-B05-0068,B05,68,4+1,313.0,,1,650000,EUR,inferred,unknown,modelled,true,https://www.seaside-alanya.com/de/antalya-alanya/residence/azura-world-residence
AZW-B05-0069,B05,69,5+1,361.0,,2,1200000,EUR,inferred,unknown,modelled,true,https://www.seaside-alanya.com/de/antalya-alanya/residence/azura-world-residence
AZW-B05-0070,B05,70,3+1,183.0,,3,574000,EUR,inferred,unknown,modelled,true,https://hasporealty.com/en/properties/prodaetsya-apartamenty-3-1-xl-v-komplekse-azura-world-tyurkler-alanya/
AZW-B05-0071,B05,71,1+1,85.0,,4,168500,EUR,inferred,unknown,modelled,true,https://hasporealty.com/en/properties/prodaetsya-kvartira-1-1-v-komplekse-azura-world-oba-alanya/
AZW-B05-0072,B05,72,2+1,129.0,,5,281131,EUR,inferred,unknown,modelled,true,https://hasporealty.com/en/properties/kvartira-2-1-azura-world-tyurkler-alanya-3/
AZW-B05-0073,B05,73,4+1,313.0,,0,650000,EUR,inferred,unknown,modelled,true,https://www.seaside-alanya.com/de/antalya-alanya/residence/azura-world-residence
AZW-B05-0074,B05,74,5+1,361.0,,1,1200000,EUR,inferred,unknown,modelled,true,https://www.seaside-alanya.com/de/antalya-alanya/residence/azura-world-residence
AZW-B05-0075,B05,75,3+1,183.0,,2,574000,EUR,inferred,unknown,modelled,true,https://hasporealty.com/en/properties/prodaetsya-apartamenty-3-1-xl-v-komplekse-azura-world-tyurkler-alanya/
AZW-B05-0076,B05,76,1+1,85.0,,3,168500,EUR,inferred,unknown,modelled,true,https://hasporealty.com/en/properties/prodaetsya-kvartira-1-1-v-komplekse-azura-world-oba-alanya/
AZW-B05-0077,B05,77,2+1,129.0,,4,281131,EUR,inferred,unknown,modelled,true,https://hasporealty.com/en/properties/kvartira-2-1-azura-world-tyurkler-alanya-3/
AZW-B05-0078,B05,78,4+1,313.0,,5,650000,EUR,inferred,unknown,modelled,true,https://www.seaside-alanya.com/de/antalya-alanya/residence/azura-world-residence
AZW-B05-0079,B05,79,5+1,361.0,,0,1200000,EUR,inferred,unknown,modelled,true,https://www.seaside-alanya.com/de/antalya-alanya/residence/azura-world-residence
AZW-B05-0080,B05,80,3+1,183.0,,1,574000,EUR,inferred,unknown,modelled,true,https://hasporealty.com/en/properties/prodaetsya-apartamenty-3-1-xl-v-komplekse-azura-world-tyurkler-alanya/
AZW-B05-0081,B05,81,1+1,85.0,,2,168500,EUR,inferred,unknown,modelled,true,https://hasporealty.com/en/properties/prodaetsya-kvartira-1-1-v-komplekse-azura-world-oba-alanya/
AZW-B05-0082,B05,82,2+1,129.0,,3,281131,EUR,inferred,unknown,modelled,true,https://hasporealty.com/en/properties/kvartira-2-1-azura-world-tyurkler-alanya-3/
AZW-B05-0083,B05,83,4+1,313.0,,4,650000,EUR,inferred,unknown,modelled,true,https://www.seaside-alanya.com/de/antalya-alanya/residence/azura-world-residence
AZW-B05-0084,B05,84,5+1,361.0,,5,1200000,EUR,inferred,unknown,modelled,true,https://www.seaside-alanya.com/de/antalya-alanya/residence/azura-world-residence
AZW-B05-0085,B05,85,3+1,183.0,,0,574000,EUR,inferred,unknown,modelled,true,https://hasporealty.com/en/properties/prodaetsya-apartamenty-3-1-xl-v-komplekse-azura-world-tyurkler-alanya/
AZW-B05-0086,B05,86,1+1,85.0,,1,168500,EUR,inferred,unknown,modelled,true,https://hasporealty.com/en/properties/prodaetsya-kvartira-1-1-v-komplekse-azura-world-oba-alanya/
AZW-B05-0087,B05,87,2+1,129.0,,2,281131,EUR,inferred,unknown,modelled,true,https://hasporealty.com/en/properties/kvartira-2-1-azura-world-tyurkler-alanya-3/
AZW-B05-0088,B05,88,4+1,313.0,,3,650000,EUR,inferred,unknown,modelled,true,https://www.seaside-alanya.com/de/antalya-alanya/residence/azura-world-residence
AZW-B05-0089,B05,89,5+1,361.0,,4,1200000,EUR,inferred,unknown,modelled,true,https://www.seaside-alanya.com/de/antalya-alanya/residence/azura-world-residence
AZW-B05-0090,B05,90,3+1,183.0,,5,574000,EUR,inferred,unknown,modelled,true,https://hasporealty.com/en/properties/prodaetsya-apartamenty-3-1-xl-v-komplekse-azura-world-tyurkler-alanya/
AZW-B05-0091,B05,91,1+1,85.0,,0,168500,EUR,inferred,unknown,modelled,true,https://hasporealty.com/en/properties/prodaetsya-kvartira-1-1-v-komplekse-azura-world-oba-alanya/
AZW-B05-0092,B05,92,2+1,129.0,,1,281131,EUR,inferred,unknown,modelled,true,https://hasporealty.com/en/properties/kvartira-2-1-azura-world-tyurkler-alanya-3/
AZW-B05-0093,B05,93,4+1,313.0,,2,650000,EUR,inferred,unknown,modelled,true,https://www.seaside-alanya.com/de/antalya-alanya/residence/azura-world-residence
AZW-B05-0094,B05,94,5+1,361.0,,3,1200000,EUR,inferred,unknown,modelled,true,https://www.seaside-alanya.com/de/antalya-alanya/residence/azura-world-residence
AZW-B06-0001,B06,1,3+1,183.0,,0,574000,EUR,inferred,unknown,modelled,true,https://hasporealty.com/en/properties/prodaetsya-apartamenty-3-1-xl-v-komplekse-azura-world-tyurkler-alanya/
AZW-B06-0002,B06,2,1+1,85.0,,1,168500,EUR,inferred,unknown,modelled,true,https://hasporealty.com/en/properties/prodaetsya-kvartira-1-1-v-komplekse-azura-world-oba-alanya/
AZW-B06-0003,B06,3,2+1,129.0,,2,281131,EUR,inferred,unknown,modelled,true,https://hasporealty.com/en/properties/kvartira-2-1-azura-world-tyurkler-alanya-3/
AZW-B06-0004,B06,4,4+1,313.0,,3,650000,EUR,inferred,unknown,modelled,true,https://www.seaside-alanya.com/de/antalya-alanya/residence/azura-world-residence
AZW-B06-0005,B06,5,5+1,361.0,,4,1200000,EUR,inferred,unknown,modelled,true,https://www.seaside-alanya.com/de/antalya-alanya/residence/azura-world-residence
AZW-B06-0006,B06,6,3+1,183.0,,5,574000,EUR,inferred,unknown,modelled,true,https://hasporealty.com/en/properties/prodaetsya-apartamenty-3-1-xl-v-komplekse-azura-world-tyurkler-alanya/
AZW-B06-0007,B06,7,1+1,85.0,,0,168500,EUR,inferred,unknown,modelled,true,https://hasporealty.com/en/properties/prodaetsya-kvartira-1-1-v-komplekse-azura-world-oba-alanya/
AZW-B06-0008,B06,8,2+1,129.0,,1,281131,EUR,inferred,unknown,modelled,true,https://hasporealty.com/en/properties/kvartira-2-1-azura-world-tyurkler-alanya-3/
AZW-B06-0009,B06,9,4+1,313.0,,2,650000,EUR,inferred,unknown,modelled,true,https://www.seaside-alanya.com/de/antalya-alanya/residence/azura-world-residence
AZW-B06-0010,B06,10,5+1,361.0,,3,1200000,EUR,inferred,unknown,modelled,true,https://www.seaside-alanya.com/de/antalya-alanya/residence/azura-world-residence
AZW-B06-0011,B06,11,3+1,183.0,,4,574000,EUR,inferred,unknown,modelled,true,https://hasporealty.com/en/properties/prodaetsya-apartamenty-3-1-xl-v-komplekse-azura-world-tyurkler-alanya/
AZW-B06-0012,B06,12,1+1,85.0,,5,168500,EUR,inferred,unknown,modelled,true,https://hasporealty.com/en/properties/prodaetsya-kvartira-1-1-v-komplekse-azura-world-oba-alanya/
AZW-B06-0013,B06,13,2+1,129.0,,0,281131,EUR,inferred,unknown,modelled,true,https://hasporealty.com/en/properties/kvartira-2-1-azura-world-tyurkler-alanya-3/
AZW-B06-0014,B06,14,4+1,313.0,,1,650000,EUR,inferred,unknown,modelled,true,https://www.seaside-alanya.com/de/antalya-alanya/residence/azura-world-residence
AZW-B06-0015,B06,15,5+1,361.0,,2,1200000,EUR,inferred,unknown,modelled,true,https://www.seaside-alanya.com/de/antalya-alanya/residence/azura-world-residence
AZW-B06-0016,B06,16,3+1,183.0,,3,574000,EUR,inferred,unknown,modelled,true,https://hasporealty.com/en/properties/prodaetsya-apartamenty-3-1-xl-v-komplekse-azura-world-tyurkler-alanya/
AZW-B06-0017,B06,17,1+1,85.0,,4,168500,EUR,inferred,unknown,modelled,true,https://hasporealty.com/en/properties/prodaetsya-kvartira-1-1-v-komplekse-azura-world-oba-alanya/
AZW-B06-0018,B06,18,2+1,129.0,,5,281131,EUR,inferred,unknown,modelled,true,https://hasporealty.com/en/properties/kvartira-2-1-azura-world-tyurkler-alanya-3/
AZW-B06-0019,B06,19,4+1,313.0,,0,650000,EUR,inferred,unknown,modelled,true,https://www.seaside-alanya.com/de/antalya-alanya/residence/azura-world-residence
AZW-B06-0020,B06,20,5+1,361.0,,1,1200000,EUR,inferred,unknown,modelled,true,https://www.seaside-alanya.com/de/antalya-alanya/residence/azura-world-residence
AZW-B06-0021,B06,21,3+1,183.0,,2,574000,EUR,inferred,unknown,modelled,true,https://hasporealty.com/en/properties/prodaetsya-apartamenty-3-1-xl-v-komplekse-azura-world-tyurkler-alanya/
AZW-B06-0022,B06,22,1+1,85.0,,3,168500,EUR,inferred,unknown,modelled,true,https://hasporealty.com/en/properties/prodaetsya-kvartira-1-1-v-komplekse-azura-world-oba-alanya/
AZW-B06-0023,B06,23,2+1,129.0,,4,281131,EUR,inferred,unknown,modelled,true,https://hasporealty.com/en/properties/kvartira-2-1-azura-world-tyurkler-alanya-3/
AZW-B06-0024,B06,24,4+1,313.0,,5,650000,EUR,inferred,unknown,modelled,true,https://www.seaside-alanya.com/de/antalya-alanya/residence/azura-world-residence
AZW-B06-0025,B06,25,5+1,361.0,,0,1200000,EUR,inferred,unknown,modelled,true,https://www.seaside-alanya.com/de/antalya-alanya/residence/azura-world-residence
AZW-B06-0026,B06,26,3+1,183.0,,1,574000,EUR,inferred,unknown,modelled,true,https://hasporealty.com/en/properties/prodaetsya-apartamenty-3-1-xl-v-komplekse-azura-world-tyurkler-alanya/
AZW-B06-0027,B06,27,1+1,85.0,,2,168500,EUR,inferred,unknown,modelled,true,https://hasporealty.com/en/properties/prodaetsya-kvartira-1-1-v-komplekse-azura-world-oba-alanya/
AZW-B06-0028,B06,28,2+1,129.0,,3,281131,EUR,inferred,unknown,modelled,true,https://hasporealty.com/en/properties/kvartira-2-1-azura-world-tyurkler-alanya-3/
AZW-B06-0029,B06,29,4+1,313.0,,4,650000,EUR,inferred,unknown,modelled,true,https://www.seaside-alanya.com/de/antalya-alanya/residence/azura-world-residence
AZW-B06-0030,B06,30,5+1,361.0,,5,1200000,EUR,inferred,unknown,modelled,true,https://www.seaside-alanya.com/de/antalya-alanya/residence/azura-world-residence
AZW-B06-0031,B06,31,3+1,183.0,,0,574000,EUR,inferred,unknown,modelled,true,https://hasporealty.com/en/properties/prodaetsya-apartamenty-3-1-xl-v-komplekse-azura-world-tyurkler-alanya/
AZW-B06-0032,B06,32,1+1,85.0,,1,168500,EUR,inferred,unknown,modelled,true,https://hasporealty.com/en/properties/prodaetsya-kvartira-1-1-v-komplekse-azura-world-oba-alanya/
AZW-B06-0033,B06,33,2+1,129.0,,2,281131,EUR,inferred,unknown,modelled,true,https://hasporealty.com/en/properties/kvartira-2-1-azura-world-tyurkler-alanya-3/
AZW-B06-0034,B06,34,4+1,313.0,,3,650000,EUR,inferred,unknown,modelled,true,https://www.seaside-alanya.com/de/antalya-alanya/residence/azura-world-residence
AZW-B06-0035,B06,35,5+1,361.0,,4,1200000,EUR,inferred,unknown,modelled,true,https://www.seaside-alanya.com/de/antalya-alanya/residence/azura-world-residence
AZW-B06-0036,B06,36,3+1,183.0,,5,574000,EUR,inferred,unknown,modelled,true,https://hasporealty.com/en/properties/prodaetsya-apartamenty-3-1-xl-v-komplekse-azura-world-tyurkler-alanya/
AZW-B06-0037,B06,37,1+1,85.0,,0,168500,EUR,inferred,unknown,modelled,true,https://hasporealty.com/en/properties/prodaetsya-kvartira-1-1-v-komplekse-azura-world-oba-alanya/
AZW-B06-0038,B06,38,2+1,129.0,,1,281131,EUR,inferred,unknown,modelled,true,https://hasporealty.com/en/properties/kvartira-2-1-azura-world-tyurkler-alanya-3/
AZW-B06-0039,B06,39,4+1,313.0,,2,650000,EUR,inferred,unknown,modelled,true,https://www.seaside-alanya.com/de/antalya-alanya/residence/azura-world-residence
AZW-B06-0040,B06,40,5+1,361.0,,3,1200000,EUR,inferred,unknown,modelled,true,https://www.seaside-alanya.com/de/antalya-alanya/residence/azura-world-residence
AZW-B06-0041,B06,41,3+1,183.0,,4,574000,EUR,inferred,unknown,modelled,true,https://hasporealty.com/en/properties/prodaetsya-apartamenty-3-1-xl-v-komplekse-azura-world-tyurkler-alanya/
AZW-B06-0042,B06,42,1+1,85.0,,5,168500,EUR,inferred,unknown,modelled,true,https://hasporealty.com/en/properties/prodaetsya-kvartira-1-1-v-komplekse-azura-world-oba-alanya/
AZW-B06-0043,B06,43,2+1,129.0,,0,281131,EUR,inferred,unknown,modelled,true,https://hasporealty.com/en/properties/kvartira-2-1-azura-world-tyurkler-alanya-3/
AZW-B06-0044,B06,44,4+1,313.0,,1,650000,EUR,inferred,unknown,modelled,true,https://www.seaside-alanya.com/de/antalya-alanya/residence/azura-world-residence
AZW-B06-0045,B06,45,5+1,361.0,,2,1200000,EUR,inferred,unknown,modelled,true,https://www.seaside-alanya.com/de/antalya-alanya/residence/azura-world-residence
AZW-B06-0046,B06,46,3+1,183.0,,3,574000,EUR,inferred,unknown,modelled,true,https://hasporealty.com/en/properties/prodaetsya-apartamenty-3-1-xl-v-komplekse-azura-world-tyurkler-alanya/
AZW-B06-0047,B06,47,1+1,85.0,,4,168500,EUR,inferred,unknown,modelled,true,https://hasporealty.com/en/properties/prodaetsya-kvartira-1-1-v-komplekse-azura-world-oba-alanya/
AZW-B06-0048,B06,48,2+1,129.0,,5,281131,EUR,inferred,unknown,modelled,true,https://hasporealty.com/en/properties/kvartira-2-1-azura-world-tyurkler-alanya-3/
AZW-B06-0049,B06,49,4+1,313.0,,0,650000,EUR,inferred,unknown,modelled,true,https://www.seaside-alanya.com/de/antalya-alanya/residence/azura-world-residence
AZW-B06-0050,B06,50,5+1,361.0,,1,1200000,EUR,inferred,unknown,modelled,true,https://www.seaside-alanya.com/de/antalya-alanya/residence/azura-world-residence
AZW-B06-0051,B06,51,3+1,183.0,,2,574000,EUR,inferred,unknown,modelled,true,https://hasporealty.com/en/properties/prodaetsya-apartamenty-3-1-xl-v-komplekse-azura-world-tyurkler-alanya/
AZW-B06-0052,B06,52,1+1,85.0,,3,168500,EUR,inferred,unknown,modelled,true,https://hasporealty.com/en/properties/prodaetsya-kvartira-1-1-v-komplekse-azura-world-oba-alanya/
AZW-B06-0053,B06,53,2+1,129.0,,4,281131,EUR,inferred,unknown,modelled,true,https://hasporealty.com/en/properties/kvartira-2-1-azura-world-tyurkler-alanya-3/
AZW-B06-0054,B06,54,4+1,313.0,,5,650000,EUR,inferred,unknown,modelled,true,https://www.seaside-alanya.com/de/antalya-alanya/residence/azura-world-residence
AZW-B06-0055,B06,55,5+1,361.0,,0,1200000,EUR,inferred,unknown,modelled,true,https://www.seaside-alanya.com/de/antalya-alanya/residence/azura-world-residence
AZW-B06-0056,B06,56,3+1,183.0,,1,574000,EUR,inferred,unknown,modelled,true,https://hasporealty.com/en/properties/prodaetsya-apartamenty-3-1-xl-v-komplekse-azura-world-tyurkler-alanya/
AZW-B06-0057,B06,57,1+1,85.0,,2,168500,EUR,inferred,unknown,modelled,true,https://hasporealty.com/en/properties/prodaetsya-kvartira-1-1-v-komplekse-azura-world-oba-alanya/
AZW-B06-0058,B06,58,2+1,129.0,,3,281131,EUR,inferred,unknown,modelled,true,https://hasporealty.com/en/properties/kvartira-2-1-azura-world-tyurkler-alanya-3/
AZW-B06-0059,B06,59,4+1,313.0,,4,650000,EUR,inferred,unknown,modelled,true,https://www.seaside-alanya.com/de/antalya-alanya/residence/azura-world-residence
AZW-B06-0060,B06,60,5+1,361.0,,5,1200000,EUR,inferred,unknown,modelled,true,https://www.seaside-alanya.com/de/antalya-alanya/residence/azura-world-residence
AZW-B06-0061,B06,61,3+1,183.0,,0,574000,EUR,inferred,unknown,modelled,true,https://hasporealty.com/en/properties/prodaetsya-apartamenty-3-1-xl-v-komplekse-azura-world-tyurkler-alanya/
AZW-B06-0062,B06,62,1+1,85.0,,1,168500,EUR,inferred,unknown,modelled,true,https://hasporealty.com/en/properties/prodaetsya-kvartira-1-1-v-komplekse-azura-world-oba-alanya/
AZW-B06-0063,B06,63,2+1,129.0,,2,281131,EUR,inferred,unknown,modelled,true,https://hasporealty.com/en/properties/kvartira-2-1-azura-world-tyurkler-alanya-3/
AZW-B06-0064,B06,64,4+1,313.0,,3,650000,EUR,inferred,unknown,modelled,true,https://www.seaside-alanya.com/de/antalya-alanya/residence/azura-world-residence
AZW-B06-0065,B06,65,5+1,361.0,,4,1200000,EUR,inferred,unknown,modelled,true,https://www.seaside-alanya.com/de/antalya-alanya/residence/azura-world-residence
AZW-B06-0066,B06,66,3+1,183.0,,5,574000,EUR,inferred,unknown,modelled,true,https://hasporealty.com/en/properties/prodaetsya-apartamenty-3-1-xl-v-komplekse-azura-world-tyurkler-alanya/
AZW-B06-0067,B06,67,1+1,85.0,,0,168500,EUR,inferred,unknown,modelled,true,https://hasporealty.com/en/properties/prodaetsya-kvartira-1-1-v-komplekse-azura-world-oba-alanya/
AZW-B06-0068,B06,68,2+1,129.0,,1,281131,EUR,inferred,unknown,modelled,true,https://hasporealty.com/en/properties/kvartira-2-1-azura-world-tyurkler-alanya-3/
AZW-B06-0069,B06,69,4+1,313.0,,2,650000,EUR,inferred,unknown,modelled,true,https://www.seaside-alanya.com/de/antalya-alanya/residence/azura-world-residence
AZW-B06-0070,B06,70,5+1,361.0,,3,1200000,EUR,inferred,unknown,modelled,true,https://www.seaside-alanya.com/de/antalya-alanya/residence/azura-world-residence
AZW-B06-0071,B06,71,3+1,183.0,,4,574000,EUR,inferred,unknown,modelled,true,https://hasporealty.com/en/properties/prodaetsya-apartamenty-3-1-xl-v-komplekse-azura-world-tyurkler-alanya/
AZW-B06-0072,B06,72,1+1,85.0,,5,168500,EUR,inferred,unknown,modelled,true,https://hasporealty.com/en/properties/prodaetsya-kvartira-1-1-v-komplekse-azura-world-oba-alanya/
AZW-B06-0073,B06,73,2+1,129.0,,0,281131,EUR,inferred,unknown,modelled,true,https://hasporealty.com/en/properties/kvartira-2-1-azura-world-tyurkler-alanya-3/
AZW-B06-0074,B06,74,4+1,313.0,,1,650000,EUR,inferred,unknown,modelled,true,https://www.seaside-alanya.com/de/antalya-alanya/residence/azura-world-residence
AZW-B06-0075,B06,75,5+1,361.0,,2,1200000,EUR,inferred,unknown,modelled,true,https://www.seaside-alanya.com/de/antalya-alanya/residence/azura-world-residence
AZW-B06-0076,B06,76,3+1,183.0,,3,574000,EUR,inferred,unknown,modelled,true,https://hasporealty.com/en/properties/prodaetsya-apartamenty-3-1-xl-v-komplekse-azura-world-tyurkler-alanya/
AZW-B06-0077,B06,77,1+1,85.0,,4,168500,EUR,inferred,unknown,modelled,true,https://hasporealty.com/en/properties/prodaetsya-kvartira-1-1-v-komplekse-azura-world-oba-alanya/
AZW-B06-0078,B06,78,2+1,129.0,,5,281131,EUR,inferred,unknown,modelled,true,https://hasporealty.com/en/properties/kvartira-2-1-azura-world-tyurkler-alanya-3/
AZW-B06-0079,B06,79,4+1,313.0,,0,650000,EUR,inferred,unknown,modelled,true,https://www.seaside-alanya.com/de/antalya-alanya/residence/azura-world-residence
AZW-B06-0080,B06,80,5+1,361.0,,1,1200000,EUR,inferred,unknown,modelled,true,https://www.seaside-alanya.com/de/antalya-alanya/residence/azura-world-residence
AZW-B06-0081,B06,81,3+1,183.0,,2,574000,EUR,inferred,unknown,modelled,true,https://hasporealty.com/en/properties/prodaetsya-apartamenty-3-1-xl-v-komplekse-azura-world-tyurkler-alanya/
AZW-B06-0082,B06,82,1+1,85.0,,3,168500,EUR,inferred,unknown,modelled,true,https://hasporealty.com/en/properties/prodaetsya-kvartira-1-1-v-komplekse-azura-world-oba-alanya/
AZW-B06-0083,B06,83,2+1,129.0,,4,281131,EUR,inferred,unknown,modelled,true,https://hasporealty.com/en/properties/kvartira-2-1-azura-world-tyurkler-alanya-3/
AZW-B06-0084,B06,84,4+1,313.0,,5,650000,EUR,inferred,unknown,modelled,true,https://www.seaside-alanya.com/de/antalya-alanya/residence/azura-world-residence
AZW-B06-0085,B06,85,5+1,361.0,,0,1200000,EUR,inferred,unknown,modelled,true,https://www.seaside-alanya.com/de/antalya-alanya/residence/azura-world-residence
AZW-B06-0086,B06,86,3+1,183.0,,1,574000,EUR,inferred,unknown,modelled,true,https://hasporealty.com/en/properties/prodaetsya-apartamenty-3-1-xl-v-komplekse-azura-world-tyurkler-alanya/
AZW-B06-0087,B06,87,1+1,85.0,,2,168500,EUR,inferred,unknown,modelled,true,https://hasporealty.com/en/properties/prodaetsya-kvartira-1-1-v-komplekse-azura-world-oba-alanya/
AZW-B06-0088,B06,88,2+1,129.0,,3,281131,EUR,inferred,unknown,modelled,true,https://hasporealty.com/en/properties/kvartira-2-1-azura-world-tyurkler-alanya-3/
AZW-B06-0089,B06,89,4+1,313.0,,4,650000,EUR,inferred,unknown,modelled,true,https://www.seaside-alanya.com/de/antalya-alanya/residence/azura-world-residence
AZW-B06-0090,B06,90,5+1,361.0,,5,1200000,EUR,inferred,unknown,modelled,true,https://www.seaside-alanya.com/de/antalya-alanya/residence/azura-world-residence
AZW-B06-0091,B06,91,3+1,183.0,,0,574000,EUR,inferred,unknown,modelled,true,https://hasporealty.com/en/properties/prodaetsya-apartamenty-3-1-xl-v-komplekse-azura-world-tyurkler-alanya/
AZW-B06-0092,B06,92,1+1,85.0,,1,168500,EUR,inferred,unknown,modelled,true,https://hasporealty.com/en/properties/prodaetsya-kvartira-1-1-v-komplekse-azura-world-oba-alanya/
AZW-B06-0093,B06,93,2+1,129.0,,2,281131,EUR,inferred,unknown,modelled,true,https://hasporealty.com/en/properties/kvartira-2-1-azura-world-tyurkler-alanya-3/
AZW-B07-0001,B07,1,4+1,313.0,,0,650000,EUR,inferred,unknown,modelled,true,https://www.seaside-alanya.com/de/antalya-alanya/residence/azura-world-residence
AZW-B07-0002,B07,2,5+1,361.0,,1,1200000,EUR,inferred,unknown,modelled,true,https://www.seaside-alanya.com/de/antalya-alanya/residence/azura-world-residence
AZW-B07-0003,B07,3,3+1,183.0,,2,574000,EUR,inferred,unknown,modelled,true,https://hasporealty.com/en/properties/prodaetsya-apartamenty-3-1-xl-v-komplekse-azura-world-tyurkler-alanya/
AZW-B07-0004,B07,4,1+1,85.0,,3,168500,EUR,inferred,unknown,modelled,true,https://hasporealty.com/en/properties/prodaetsya-kvartira-1-1-v-komplekse-azura-world-oba-alanya/
AZW-B07-0005,B07,5,2+1,129.0,,4,281131,EUR,inferred,unknown,modelled,true,https://hasporealty.com/en/properties/kvartira-2-1-azura-world-tyurkler-alanya-3/
AZW-B07-0006,B07,6,4+1,313.0,,5,650000,EUR,inferred,unknown,modelled,true,https://www.seaside-alanya.com/de/antalya-alanya/residence/azura-world-residence
AZW-B07-0007,B07,7,5+1,361.0,,0,1200000,EUR,inferred,unknown,modelled,true,https://www.seaside-alanya.com/de/antalya-alanya/residence/azura-world-residence
AZW-B07-0008,B07,8,3+1,183.0,,1,574000,EUR,inferred,unknown,modelled,true,https://hasporealty.com/en/properties/prodaetsya-apartamenty-3-1-xl-v-komplekse-azura-world-tyurkler-alanya/
AZW-B07-0009,B07,9,1+1,85.0,,2,168500,EUR,inferred,unknown,modelled,true,https://hasporealty.com/en/properties/prodaetsya-kvartira-1-1-v-komplekse-azura-world-oba-alanya/
AZW-B07-0010,B07,10,2+1,129.0,,3,281131,EUR,inferred,unknown,modelled,true,https://hasporealty.com/en/properties/kvartira-2-1-azura-world-tyurkler-alanya-3/
AZW-B07-0011,B07,11,4+1,313.0,,4,650000,EUR,inferred,unknown,modelled,true,https://www.seaside-alanya.com/de/antalya-alanya/residence/azura-world-residence
AZW-B07-0012,B07,12,5+1,361.0,,5,1200000,EUR,inferred,unknown,modelled,true,https://www.seaside-alanya.com/de/antalya-alanya/residence/azura-world-residence
AZW-B07-0013,B07,13,3+1,183.0,,0,574000,EUR,inferred,unknown,modelled,true,https://hasporealty.com/en/properties/prodaetsya-apartamenty-3-1-xl-v-komplekse-azura-world-tyurkler-alanya/
AZW-B07-0014,B07,14,1+1,85.0,,1,168500,EUR,inferred,unknown,modelled,true,https://hasporealty.com/en/properties/prodaetsya-kvartira-1-1-v-komplekse-azura-world-oba-alanya/
AZW-B07-0015,B07,15,2+1,129.0,,2,281131,EUR,inferred,unknown,modelled,true,https://hasporealty.com/en/properties/kvartira-2-1-azura-world-tyurkler-alanya-3/
AZW-B07-0016,B07,16,4+1,313.0,,3,650000,EUR,inferred,unknown,modelled,true,https://www.seaside-alanya.com/de/antalya-alanya/residence/azura-world-residence
AZW-B07-0017,B07,17,5+1,361.0,,4,1200000,EUR,inferred,unknown,modelled,true,https://www.seaside-alanya.com/de/antalya-alanya/residence/azura-world-residence
AZW-B07-0018,B07,18,3+1,183.0,,5,574000,EUR,inferred,unknown,modelled,true,https://hasporealty.com/en/properties/prodaetsya-apartamenty-3-1-xl-v-komplekse-azura-world-tyurkler-alanya/
AZW-B07-0019,B07,19,1+1,85.0,,0,168500,EUR,inferred,unknown,modelled,true,https://hasporealty.com/en/properties/prodaetsya-kvartira-1-1-v-komplekse-azura-world-oba-alanya/
AZW-B07-0020,B07,20,2+1,129.0,,1,281131,EUR,inferred,unknown,modelled,true,https://hasporealty.com/en/properties/kvartira-2-1-azura-world-tyurkler-alanya-3/
AZW-B07-0021,B07,21,4+1,313.0,,2,650000,EUR,inferred,unknown,modelled,true,https://www.seaside-alanya.com/de/antalya-alanya/residence/azura-world-residence
AZW-B07-0022,B07,22,5+1,361.0,,3,1200000,EUR,inferred,unknown,modelled,true,https://www.seaside-alanya.com/de/antalya-alanya/residence/azura-world-residence
AZW-B07-0023,B07,23,3+1,183.0,,4,574000,EUR,inferred,unknown,modelled,true,https://hasporealty.com/en/properties/prodaetsya-apartamenty-3-1-xl-v-komplekse-azura-world-tyurkler-alanya/
AZW-B07-0024,B07,24,1+1,85.0,,5,168500,EUR,inferred,unknown,modelled,true,https://hasporealty.com/en/properties/prodaetsya-kvartira-1-1-v-komplekse-azura-world-oba-alanya/
AZW-B07-0025,B07,25,2+1,129.0,,0,281131,EUR,inferred,unknown,modelled,true,https://hasporealty.com/en/properties/kvartira-2-1-azura-world-tyurkler-alanya-3/
AZW-B07-0026,B07,26,4+1,313.0,,1,650000,EUR,inferred,unknown,modelled,true,https://www.seaside-alanya.com/de/antalya-alanya/residence/azura-world-residence
AZW-B07-0027,B07,27,5+1,361.0,,2,1200000,EUR,inferred,unknown,modelled,true,https://www.seaside-alanya.com/de/antalya-alanya/residence/azura-world-residence
AZW-B07-0028,B07,28,3+1,183.0,,3,574000,EUR,inferred,unknown,modelled,true,https://hasporealty.com/en/properties/prodaetsya-apartamenty-3-1-xl-v-komplekse-azura-world-tyurkler-alanya/
AZW-B07-0029,B07,29,1+1,85.0,,4,168500,EUR,inferred,unknown,modelled,true,https://hasporealty.com/en/properties/prodaetsya-kvartira-1-1-v-komplekse-azura-world-oba-alanya/
AZW-B07-0030,B07,30,2+1,129.0,,5,281131,EUR,inferred,unknown,modelled,true,https://hasporealty.com/en/properties/kvartira-2-1-azura-world-tyurkler-alanya-3/
AZW-B07-0031,B07,31,4+1,313.0,,0,650000,EUR,inferred,unknown,modelled,true,https://www.seaside-alanya.com/de/antalya-alanya/residence/azura-world-residence
AZW-B07-0032,B07,32,5+1,361.0,,1,1200000,EUR,inferred,unknown,modelled,true,https://www.seaside-alanya.com/de/antalya-alanya/residence/azura-world-residence
AZW-B07-0033,B07,33,3+1,183.0,,2,574000,EUR,inferred,unknown,modelled,true,https://hasporealty.com/en/properties/prodaetsya-apartamenty-3-1-xl-v-komplekse-azura-world-tyurkler-alanya/
AZW-B07-0034,B07,34,1+1,85.0,,3,168500,EUR,inferred,unknown,modelled,true,https://hasporealty.com/en/properties/prodaetsya-kvartira-1-1-v-komplekse-azura-world-oba-alanya/
AZW-B07-0035,B07,35,2+1,129.0,,4,281131,EUR,inferred,unknown,modelled,true,https://hasporealty.com/en/properties/kvartira-2-1-azura-world-tyurkler-alanya-3/
AZW-B07-0036,B07,36,4+1,313.0,,5,650000,EUR,inferred,unknown,modelled,true,https://www.seaside-alanya.com/de/antalya-alanya/residence/azura-world-residence
AZW-B07-0037,B07,37,5+1,361.0,,0,1200000,EUR,inferred,unknown,modelled,true,https://www.seaside-alanya.com/de/antalya-alanya/residence/azura-world-residence
AZW-B07-0038,B07,38,3+1,183.0,,1,574000,EUR,inferred,unknown,modelled,true,https://hasporealty.com/en/properties/prodaetsya-apartamenty-3-1-xl-v-komplekse-azura-world-tyurkler-alanya/
AZW-B07-0039,B07,39,1+1,85.0,,2,168500,EUR,inferred,unknown,modelled,true,https://hasporealty.com/en/properties/prodaetsya-kvartira-1-1-v-komplekse-azura-world-oba-alanya/
AZW-B07-0040,B07,40,2+1,129.0,,3,281131,EUR,inferred,unknown,modelled,true,https://hasporealty.com/en/properties/kvartira-2-1-azura-world-tyurkler-alanya-3/
AZW-B07-0041,B07,41,4+1,313.0,,4,650000,EUR,inferred,unknown,modelled,true,https://www.seaside-alanya.com/de/antalya-alanya/residence/azura-world-residence
AZW-B07-0042,B07,42,5+1,361.0,,5,1200000,EUR,inferred,unknown,modelled,true,https://www.seaside-alanya.com/de/antalya-alanya/residence/azura-world-residence
AZW-B07-0043,B07,43,3+1,183.0,,0,574000,EUR,inferred,unknown,modelled,true,https://hasporealty.com/en/properties/prodaetsya-apartamenty-3-1-xl-v-komplekse-azura-world-tyurkler-alanya/
AZW-B07-0044,B07,44,1+1,85.0,,1,168500,EUR,inferred,unknown,modelled,true,https://hasporealty.com/en/properties/prodaetsya-kvartira-1-1-v-komplekse-azura-world-oba-alanya/
AZW-B07-0045,B07,45,2+1,129.0,,2,281131,EUR,inferred,unknown,modelled,true,https://hasporealty.com/en/properties/kvartira-2-1-azura-world-tyurkler-alanya-3/
AZW-B07-0046,B07,46,4+1,313.0,,3,650000,EUR,inferred,unknown,modelled,true,https://www.seaside-alanya.com/de/antalya-alanya/residence/azura-world-residence
AZW-B07-0047,B07,47,5+1,361.0,,4,1200000,EUR,inferred,unknown,modelled,true,https://www.seaside-alanya.com/de/antalya-alanya/residence/azura-world-residence
AZW-B07-0048,B07,48,3+1,183.0,,5,574000,EUR,inferred,unknown,modelled,true,https://hasporealty.com/en/properties/prodaetsya-apartamenty-3-1-xl-v-komplekse-azura-world-tyurkler-alanya/
AZW-B07-0049,B07,49,1+1,85.0,,0,168500,EUR,inferred,unknown,modelled,true,https://hasporealty.com/en/properties/prodaetsya-kvartira-1-1-v-komplekse-azura-world-oba-alanya/
AZW-B07-0050,B07,50,2+1,129.0,,1,281131,EUR,inferred,unknown,modelled,true,https://hasporealty.com/en/properties/kvartira-2-1-azura-world-tyurkler-alanya-3/
AZW-B07-0051,B07,51,4+1,313.0,,2,650000,EUR,inferred,unknown,modelled,true,https://www.seaside-alanya.com/de/antalya-alanya/residence/azura-world-residence
AZW-B07-0052,B07,52,5+1,361.0,,3,1200000,EUR,inferred,unknown,modelled,true,https://www.seaside-alanya.com/de/antalya-alanya/residence/azura-world-residence
AZW-B07-0053,B07,53,3+1,183.0,,4,574000,EUR,inferred,unknown,modelled,true,https://hasporealty.com/en/properties/prodaetsya-apartamenty-3-1-xl-v-komplekse-azura-world-tyurkler-alanya/
AZW-B07-0054,B07,54,1+1,85.0,,5,168500,EUR,inferred,unknown,modelled,true,https://hasporealty.com/en/properties/prodaetsya-kvartira-1-1-v-komplekse-azura-world-oba-alanya/
AZW-B07-0055,B07,55,2+1,129.0,,0,281131,EUR,inferred,unknown,modelled,true,https://hasporealty.com/en/properties/kvartira-2-1-azura-world-tyurkler-alanya-3/
AZW-B07-0056,B07,56,4+1,313.0,,1,650000,EUR,inferred,unknown,modelled,true,https://www.seaside-alanya.com/de/antalya-alanya/residence/azura-world-residence
AZW-B07-0057,B07,57,5+1,361.0,,2,1200000,EUR,inferred,unknown,modelled,true,https://www.seaside-alanya.com/de/antalya-alanya/residence/azura-world-residence
AZW-B07-0058,B07,58,3+1,183.0,,3,574000,EUR,inferred,unknown,modelled,true,https://hasporealty.com/en/properties/prodaetsya-apartamenty-3-1-xl-v-komplekse-azura-world-tyurkler-alanya/
AZW-B07-0059,B07,59,1+1,85.0,,4,168500,EUR,inferred,unknown,modelled,true,https://hasporealty.com/en/properties/prodaetsya-kvartira-1-1-v-komplekse-azura-world-oba-alanya/
AZW-B07-0060,B07,60,2+1,129.0,,5,281131,EUR,inferred,unknown,modelled,true,https://hasporealty.com/en/properties/kvartira-2-1-azura-world-tyurkler-alanya-3/
AZW-B07-0061,B07,61,4+1,313.0,,0,650000,EUR,inferred,unknown,modelled,true,https://www.seaside-alanya.com/de/antalya-alanya/residence/azura-world-residence
AZW-B07-0062,B07,62,5+1,361.0,,1,1200000,EUR,inferred,unknown,modelled,true,https://www.seaside-alanya.com/de/antalya-alanya/residence/azura-world-residence
AZW-B07-0063,B07,63,3+1,183.0,,2,574000,EUR,inferred,unknown,modelled,true,https://hasporealty.com/en/properties/prodaetsya-apartamenty-3-1-xl-v-komplekse-azura-world-tyurkler-alanya/
AZW-B07-0064,B07,64,1+1,85.0,,3,168500,EUR,inferred,unknown,modelled,true,https://hasporealty.com/en/properties/prodaetsya-kvartira-1-1-v-komplekse-azura-world-oba-alanya/
AZW-B07-0065,B07,65,2+1,129.0,,4,281131,EUR,inferred,unknown,modelled,true,https://hasporealty.com/en/properties/kvartira-2-1-azura-world-tyurkler-alanya-3/
AZW-B07-0066,B07,66,4+1,313.0,,5,650000,EUR,inferred,unknown,modelled,true,https://www.seaside-alanya.com/de/antalya-alanya/residence/azura-world-residence
AZW-B07-0067,B07,67,5+1,361.0,,0,1200000,EUR,inferred,unknown,modelled,true,https://www.seaside-alanya.com/de/antalya-alanya/residence/azura-world-residence
AZW-B07-0068,B07,68,3+1,183.0,,1,574000,EUR,inferred,unknown,modelled,true,https://hasporealty.com/en/properties/prodaetsya-apartamenty-3-1-xl-v-komplekse-azura-world-tyurkler-alanya/
AZW-B07-0069,B07,69,1+1,85.0,,2,168500,EUR,inferred,unknown,modelled,true,https://hasporealty.com/en/properties/prodaetsya-kvartira-1-1-v-komplekse-azura-world-oba-alanya/
AZW-B07-0070,B07,70,2+1,129.0,,3,281131,EUR,inferred,unknown,modelled,true,https://hasporealty.com/en/properties/kvartira-2-1-azura-world-tyurkler-alanya-3/
AZW-B07-0071,B07,71,4+1,313.0,,4,650000,EUR,inferred,unknown,modelled,true,https://www.seaside-alanya.com/de/antalya-alanya/residence/azura-world-residence
AZW-B07-0072,B07,72,5+1,361.0,,5,1200000,EUR,inferred,unknown,modelled,true,https://www.seaside-alanya.com/de/antalya-alanya/residence/azura-world-residence
AZW-B07-0073,B07,73,3+1,183.0,,0,574000,EUR,inferred,unknown,modelled,true,https://hasporealty.com/en/properties/prodaetsya-apartamenty-3-1-xl-v-komplekse-azura-world-tyurkler-alanya/
AZW-B07-0074,B07,74,1+1,85.0,,1,168500,EUR,inferred,unknown,modelled,true,https://hasporealty.com/en/properties/prodaetsya-kvartira-1-1-v-komplekse-azura-world-oba-alanya/
AZW-B07-0075,B07,75,2+1,129.0,,2,281131,EUR,inferred,unknown,modelled,true,https://hasporealty.com/en/properties/kvartira-2-1-azura-world-tyurkler-alanya-3/
AZW-B07-0076,B07,76,4+1,313.0,,3,650000,EUR,inferred,unknown,modelled,true,https://www.seaside-alanya.com/de/antalya-alanya/residence/azura-world-residence
AZW-B07-0077,B07,77,5+1,361.0,,4,1200000,EUR,inferred,unknown,modelled,true,https://www.seaside-alanya.com/de/antalya-alanya/residence/azura-world-residence
AZW-B07-0078,B07,78,3+1,183.0,,5,574000,EUR,inferred,unknown,modelled,true,https://hasporealty.com/en/properties/prodaetsya-apartamenty-3-1-xl-v-komplekse-azura-world-tyurkler-alanya/
AZW-B07-0079,B07,79,1+1,85.0,,0,168500,EUR,inferred,unknown,modelled,true,https://hasporealty.com/en/properties/prodaetsya-kvartira-1-1-v-komplekse-azura-world-oba-alanya/
AZW-B07-0080,B07,80,2+1,129.0,,1,281131,EUR,inferred,unknown,modelled,true,https://hasporealty.com/en/properties/kvartira-2-1-azura-world-tyurkler-alanya-3/
AZW-B07-0081,B07,81,4+1,313.0,,2,650000,EUR,inferred,unknown,modelled,true,https://www.seaside-alanya.com/de/antalya-alanya/residence/azura-world-residence
AZW-B07-0082,B07,82,5+1,361.0,,3,1200000,EUR,inferred,unknown,modelled,true,https://www.seaside-alanya.com/de/antalya-alanya/residence/azura-world-residence
AZW-B07-0083,B07,83,3+1,183.0,,4,574000,EUR,inferred,unknown,modelled,true,https://hasporealty.com/en/properties/prodaetsya-apartamenty-3-1-xl-v-komplekse-azura-world-tyurkler-alanya/
AZW-B07-0084,B07,84,1+1,85.0,,5,168500,EUR,inferred,unknown,modelled,true,https://hasporealty.com/en/properties/prodaetsya-kvartira-1-1-v-komplekse-azura-world-oba-alanya/
AZW-B07-0085,B07,85,2+1,129.0,,0,281131,EUR,inferred,unknown,modelled,true,https://hasporealty.com/en/properties/kvartira-2-1-azura-world-tyurkler-alanya-3/
AZW-B07-0086,B07,86,4+1,313.0,,1,650000,EUR,inferred,unknown,modelled,true,https://www.seaside-alanya.com/de/antalya-alanya/residence/azura-world-residence
AZW-B07-0087,B07,87,5+1,361.0,,2,1200000,EUR,inferred,unknown,modelled,true,https://www.seaside-alanya.com/de/antalya-alanya/residence/azura-world-residence
AZW-B07-0088,B07,88,3+1,183.0,,3,574000,EUR,inferred,unknown,modelled,true,https://hasporealty.com/en/properties/prodaetsya-apartamenty-3-1-xl-v-komplekse-azura-world-tyurkler-alanya/
AZW-B07-0089,B07,89,1+1,85.0,,4,168500,EUR,inferred,unknown,modelled,true,https://hasporealty.com/en/properties/prodaetsya-kvartira-1-1-v-komplekse-azura-world-oba-alanya/
AZW-B07-0090,B07,90,2+1,129.0,,5,281131,EUR,inferred,unknown,modelled,true,https://hasporealty.com/en/properties/kvartira-2-1-azura-world-tyurkler-alanya-3/
AZW-B07-0091,B07,91,4+1,313.0,,0,650000,EUR,inferred,unknown,modelled,true,https://www.seaside-alanya.com/de/antalya-alanya/residence/azura-world-residence
AZW-B07-0092,B07,92,5+1,361.0,,1,1200000,EUR,inferred,unknown,modelled,true,https://www.seaside-alanya.com/de/antalya-alanya/residence/azura-world-residence
AZW-B07-0093,B07,93,3+1,183.0,,2,574000,EUR,inferred,unknown,modelled,true,https://hasporealty.com/en/properties/prodaetsya-apartamenty-3-1-xl-v-komplekse-azura-world-tyurkler-alanya/
